arm	rep	pair	P	note
feedback	1	A	1.93570190597008e-06	
feedback	1	ctrl	0.218868355894773	
trait2gen	1	A	0.089670285177736	
trait2gen	1	ctrl	0.957312344923301	
gen2trait	1	A	0.000631886067241549	
gen2trait	1	ctrl	0.114299073241791	
null	1	A	0.711754895284261	
null	1	ctrl	0.5835828775937	
feedback	2	A	6.13611551900978e-09	
feedback	2	ctrl	NA	invariant
trait2gen	2	A	0.0396341226222218	
trait2gen	2	ctrl	NA	invariant
gen2trait	2	A	8.38120589477589e-06	
gen2trait	2	ctrl	NA	invariant
null	2	A	0.471276352113619	
null	2	ctrl	NA	invariant
feedback	3	A	0.000350532865385584	
feedback	3	ctrl	0.337360123083931	
trait2gen	3	A	0.349540415246226	
trait2gen	3	ctrl	0.742913201374507	
gen2trait	3	A	0.000318310599040584	
gen2trait	3	ctrl	0.291977236216133	
null	3	A	0.61521244233129	
null	3	ctrl	0.0570270862565234	
feedback	4	A	2.10315795551945e-07	
feedback	4	ctrl	NA	invariant
trait2gen	4	A	0.176339736060033	
trait2gen	4	ctrl	NA	invariant
gen2trait	4	A	NA	invariant
gen2trait	4	ctrl	NA	invariant
null	4	A	NA	invariant
null	4	ctrl	NA	invariant
feedback	5	A	NA	invariant
feedback	5	ctrl	0.351101136535075	
trait2gen	5	A	NA	invariant
trait2gen	5	ctrl	0.688824722701647	
gen2trait	5	A	NA	invariant
gen2trait	5	ctrl	0.529226317954094	
null	5	A	NA	invariant
null	5	ctrl	0.112547255549182	
feedback	6	A	1.90119358980851e-06	
feedback	6	ctrl	0.638315811149555	
trait2gen	6	A	0.000120035638850552	
trait2gen	6	ctrl	0.152896350622517	
gen2trait	6	A	0.000431648354608361	
gen2trait	6	ctrl	0.548033659830749	
null	6	A	0.554430808121799	
null	6	ctrl	0.334736988920448	
feedback	7	A	4.65751773645168e-05	
feedback	7	ctrl	NA	invariant
trait2gen	7	A	NA	invariant
trait2gen	7	ctrl	NA	invariant
gen2trait	7	A	0.172541924061359	
gen2trait	7	ctrl	NA	invariant
null	7	A	0.14363077366719	
null	7	ctrl	NA	invariant
feedback	8	A	5.11886074201018e-05	
feedback	8	ctrl	0.223522230529516	
trait2gen	8	A	0.219658645894782	
trait2gen	8	ctrl	0.660305092432631	
gen2trait	8	A	9.65381182787412e-07	
gen2trait	8	ctrl	0.0216777799986	
null	8	A	0.510129328055271	
null	8	ctrl	0.441815866848021	
feedback	9	A	NA	invariant
feedback	9	ctrl	0.67445134839891	
trait2gen	9	A	NA	invariant
trait2gen	9	ctrl	0.476354027591194	
gen2trait	9	A	NA	invariant
gen2trait	9	ctrl	0.40655115353447	
null	9	A	NA	invariant
null	9	ctrl	0.28904340218784	
feedback	10	A	0.000472140470685321	
feedback	10	ctrl	NA	invariant
trait2gen	10	A	0.685042625969322	
trait2gen	10	ctrl	NA	invariant
gen2trait	10	A	0.00273270903006563	
gen2trait	10	ctrl	NA	invariant
null	10	A	0.314935033390417	
null	10	ctrl	NA	invariant
feedback	11	A	NA	invariant
feedback	11	ctrl	0.615194773076699	
trait2gen	11	A	NA	invariant
trait2gen	11	ctrl	0.470065807407108	
gen2trait	11	A	NA	invariant
gen2trait	11	ctrl	0.869135089453414	
null	11	A	NA	invariant
null	11	ctrl	0.195223393173224	
feedback	12	A	0.0139346057717183	
feedback	12	ctrl	0.861227276248624	
trait2gen	12	A	0.891402784458107	
trait2gen	12	ctrl	0.573159052890607	
gen2trait	12	A	0.000298809988368499	
gen2trait	12	ctrl	0.542966275421535	
null	12	A	0.743129630026817	
null	12	ctrl	0.107877315738067	
feedback	13	A	NA	invariant
feedback	13	ctrl	0.871582592160623	
trait2gen	13	A	NA	invariant
trait2gen	13	ctrl	0.997044592892711	
gen2trait	13	A	0.00101048703296756	
gen2trait	13	ctrl	0.176549632034522	
null	13	A	0.148772032128504	
null	13	ctrl	0.297908930409878	
feedback	14	A	NA	invariant
feedback	14	ctrl	0.66357854280806	
trait2gen	14	A	NA	invariant
trait2gen	14	ctrl	0.31536913578168	
gen2trait	14	A	NA	invariant
gen2trait	14	ctrl	0.657759790079667	
null	14	A	NA	invariant
null	14	ctrl	0.857931925035879	
feedback	15	A	NA	invariant
feedback	15	ctrl	0.582197669555339	
trait2gen	15	A	NA	invariant
trait2gen	15	ctrl	0.980819428173032	
gen2trait	15	A	NA	invariant
gen2trait	15	ctrl	0.49310579667477	
null	15	A	NA	invariant
null	15	ctrl	0.114878436542186	
feedback	16	A	9.0629493309628e-06	
feedback	16	ctrl	0.141857429516136	
trait2gen	16	A	0.00407645014135201	
trait2gen	16	ctrl	0.231257093680283	
gen2trait	16	A	0.0205766742268927	
gen2trait	16	ctrl	0.587720444697785	
null	16	A	0.225235983356901	
null	16	ctrl	0.407423905019391	
feedback	17	A	NA	invariant
feedback	17	ctrl	NA	invariant
trait2gen	17	A	NA	invariant
trait2gen	17	ctrl	NA	invariant
gen2trait	17	A	NA	invariant
gen2trait	17	ctrl	NA	invariant
null	17	A	NA	invariant
null	17	ctrl	NA	invariant
feedback	18	A	NA	invariant
feedback	18	ctrl	0.84746913203117	
trait2gen	18	A	NA	invariant
trait2gen	18	ctrl	0.0811186192589906	
gen2trait	18	A	NA	invariant
gen2trait	18	ctrl	0.539926674229059	
null	18	A	NA	invariant
null	18	ctrl	0.257187003424842	
feedback	19	A	NA	invariant
feedback	19	ctrl	0.659650231830977	
trait2gen	19	A	NA	invariant
trait2gen	19	ctrl	0.675260271946799	
gen2trait	19	A	NA	invariant
gen2trait	19	ctrl	0.228752870634603	
null	19	A	NA	invariant
null	19	ctrl	0.657169040608105	
feedback	20	A	1.23722065582909e-05	
feedback	20	ctrl	0.261624860533954	
trait2gen	20	A	0.113618028489987	
trait2gen	20	ctrl	0.574366485243073	
gen2trait	20	A	2.66455070471247e-05	
gen2trait	20	ctrl	0.523579934526094	
null	20	A	0.259302573818683	
null	20	ctrl	0.662196465660765	
feedback	21	A	NA	invariant
feedback	21	ctrl	0.54321292722466	
trait2gen	21	A	NA	invariant
trait2gen	21	ctrl	0.901006856995769	
gen2trait	21	A	NA	invariant
gen2trait	21	ctrl	0.949826221070039	
null	21	A	NA	invariant
null	21	ctrl	0.80653638731517	
feedback	22	A	5.50843855857819e-07	
feedback	22	ctrl	0.285871209144675	
trait2gen	22	A	0.0582643458196208	
trait2gen	22	ctrl	0.00341259620034366	
gen2trait	22	A	3.0321393314216e-07	
gen2trait	22	ctrl	0.0711213536553845	
null	22	A	0.672441928776367	
null	22	ctrl	0.472780406484938	
feedback	23	A	NA	invariant
feedback	23	ctrl	0.757259855264206	
trait2gen	23	A	NA	invariant
trait2gen	23	ctrl	0.936256442199369	
gen2trait	23	A	NA	invariant
gen2trait	23	ctrl	0.381916913241332	
null	23	A	NA	invariant
null	23	ctrl	0.802396038535	
feedback	24	A	1.45222339589377e-10	
feedback	24	ctrl	0.348024926930761	
trait2gen	24	A	0.0516982288200985	
trait2gen	24	ctrl	0.274606668183719	
gen2trait	24	A	0.00295322385733355	
gen2trait	24	ctrl	0.504378576236325	
null	24	A	0.798950979043525	
null	24	ctrl	0.845066950093696	
feedback	25	A	1.49481003491823e-09	
feedback	25	ctrl	0.484696230118867	
trait2gen	25	A	0.235685032413682	
trait2gen	25	ctrl	0.200855274327595	
gen2trait	25	A	0.00239791512858905	
gen2trait	25	ctrl	0.981803669919981	
null	25	A	0.164750441052854	
null	25	ctrl	0.454388919394999	
feedback	26	A	1.2819680210849e-09	
feedback	26	ctrl	0.0234166689853999	
trait2gen	26	A	0.137737587731553	
trait2gen	26	ctrl	0.718574232609585	
gen2trait	26	A	8.87127465977553e-05	
gen2trait	26	ctrl	0.0923392714508822	
null	26	A	0.885316850741927	
null	26	ctrl	0.49146708828247	
feedback	27	A	7.79276473874217e-12	
feedback	27	ctrl	NA	invariant
trait2gen	27	A	0.109239397882116	
trait2gen	27	ctrl	NA	invariant
gen2trait	27	A	1.6340642173605e-06	
gen2trait	27	ctrl	NA	invariant
null	27	A	0.403686318009958	
null	27	ctrl	NA	invariant
feedback	28	A	0.000544099562109309	
feedback	28	ctrl	NA	invariant
trait2gen	28	A	0.612976536544845	
trait2gen	28	ctrl	NA	invariant
gen2trait	28	A	0.00275630860347192	
gen2trait	28	ctrl	NA	invariant
null	28	A	0.769363163147664	
null	28	ctrl	NA	invariant
feedback	29	A	1.90704897585733e-05	
feedback	29	ctrl	0.804876139570287	
trait2gen	29	A	0.216551304489085	
trait2gen	29	ctrl	0.455485632175086	
gen2trait	29	A	1.06677002084042e-07	
gen2trait	29	ctrl	0.143908032551375	
null	29	A	0.00574666556248986	
null	29	ctrl	0.269688311467342	
feedback	30	A	4.90644430694637e-07	
feedback	30	ctrl	0.917624384404674	
trait2gen	30	A	0.000135846834813004	
trait2gen	30	ctrl	0.218544330065862	
gen2trait	30	A	1.83077237754142e-07	
gen2trait	30	ctrl	0.743651037518941	
null	30	A	0.282268264556236	
null	30	ctrl	0.841284409816364	
feedback	31	A	NA	invariant
feedback	31	ctrl	NA	invariant
trait2gen	31	A	NA	invariant
trait2gen	31	ctrl	NA	invariant
gen2trait	31	A	NA	invariant
gen2trait	31	ctrl	NA	invariant
null	31	A	NA	invariant
null	31	ctrl	NA	invariant
feedback	32	A	7.99790802664666e-05	
feedback	32	ctrl	0.275403415915733	
trait2gen	32	A	0.441213485361112	
trait2gen	32	ctrl	0.68028495197717	
gen2trait	32	A	0.00601017957965941	
gen2trait	32	ctrl	0.149840358346492	
null	32	A	0.496667733942707	
null	32	ctrl	0.778352556173563	
feedback	33	A	0.0155175076789487	
feedback	33	ctrl	1	
trait2gen	33	A	NA	invariant
trait2gen	33	ctrl	0.63712217922341	
gen2trait	33	A	0.00754900532052929	
gen2trait	33	ctrl	0.241774374443194	
null	33	A	NA	invariant
null	33	ctrl	0.678748984558086	
feedback	34	A	1.08685956915214e-07	
feedback	34	ctrl	0.341258694332423	
trait2gen	34	A	0.0750136664687156	
trait2gen	34	ctrl	0.868030739374055	
gen2trait	34	A	0.00271856130150742	
gen2trait	34	ctrl	0.242386516324981	
null	34	A	0.924006389529123	
null	34	ctrl	0.286600486625286	
feedback	35	A	2.74640837621222e-05	
feedback	35	ctrl	0.461447713352771	
trait2gen	35	A	0.0455165829150802	
trait2gen	35	ctrl	0.939220289927199	
gen2trait	35	A	2.83636155296139e-06	
gen2trait	35	ctrl	0.506017798576825	
null	35	A	0.918429452284385	
null	35	ctrl	0.483378881393373	
feedback	36	A	NA	invariant
feedback	36	ctrl	1	
trait2gen	36	A	NA	invariant
trait2gen	36	ctrl	1	
gen2trait	36	A	NA	invariant
gen2trait	36	ctrl	1	
null	36	A	NA	invariant
null	36	ctrl	0.397267854959096	
feedback	37	A	NA	invariant
feedback	37	ctrl	0.0479561366921063	
trait2gen	37	A	NA	invariant
trait2gen	37	ctrl	0.501953069128112	
gen2trait	37	A	NA	invariant
gen2trait	37	ctrl	0.428224304328755	
null	37	A	NA	invariant
null	37	ctrl	0.267934877347671	
feedback	38	A	0.000302856621132805	
feedback	38	ctrl	0.229911793193021	
trait2gen	38	A	0.00174374175410806	
trait2gen	38	ctrl	0.437655027556766	
gen2trait	38	A	0.000159981745494413	
gen2trait	38	ctrl	0.370575448300222	
null	38	A	0.101155887069786	
null	38	ctrl	0.862494411427914	
feedback	39	A	0.0184781686155517	
feedback	39	ctrl	0.00386574087182749	
trait2gen	39	A	0.759174232422881	
trait2gen	39	ctrl	0.927235975324022	
gen2trait	39	A	0.0313160011943552	
gen2trait	39	ctrl	0.35854006023761	
null	39	A	0.267281797535474	
null	39	ctrl	0.990425065299417	
feedback	40	A	NA	invariant
feedback	40	ctrl	0.155323200815107	
trait2gen	40	A	NA	invariant
trait2gen	40	ctrl	0.381553994960987	
gen2trait	40	A	NA	invariant
gen2trait	40	ctrl	0.644664931527632	
null	40	A	NA	invariant
null	40	ctrl	0.472254135952963	
feedback	41	A	NA	invariant
feedback	41	ctrl	0.863310507462017	
trait2gen	41	A	NA	invariant
trait2gen	41	ctrl	0.918882690238206	
gen2trait	41	A	NA	invariant
gen2trait	41	ctrl	0.928264938512021	
null	41	A	NA	invariant
null	41	ctrl	0.0526124425056282	
feedback	42	A	NA	invariant
feedback	42	ctrl	NA	invariant
trait2gen	42	A	NA	invariant
trait2gen	42	ctrl	NA	invariant
gen2trait	42	A	0.0862226545729184	
gen2trait	42	ctrl	NA	invariant
null	42	A	0.0862226545729184	
null	42	ctrl	NA	invariant
feedback	43	A	0.000303739397615359	
feedback	43	ctrl	0.89663938809241	
trait2gen	43	A	0.216396246135856	
trait2gen	43	ctrl	0.36367373942224	
gen2trait	43	A	0.000506246636361735	
gen2trait	43	ctrl	0.99245174065543	
null	43	A	0.134055161227392	
null	43	ctrl	0.2139486668939	
feedback	44	A	1.01542927133687e-07	
feedback	44	ctrl	0.816710625392206	
trait2gen	44	A	0.135043792344282	
trait2gen	44	ctrl	0.019548360991426	
gen2trait	44	A	0.00078534271649997	
gen2trait	44	ctrl	0.980013538978287	
null	44	A	0.0502485445175452	
null	44	ctrl	0.638588642806409	
feedback	45	A	5.90523666391005e-05	
feedback	45	ctrl	0.674239001558334	
trait2gen	45	A	0.00323677559715048	
trait2gen	45	ctrl	0.878846283141905	
gen2trait	45	A	0.0016973255353964	
gen2trait	45	ctrl	0.40944987024132	
null	45	A	0.712350554975051	
null	45	ctrl	0.318487248093462	
feedback	46	A	NA	invariant
feedback	46	ctrl	0.0172475257586557	
trait2gen	46	A	NA	invariant
trait2gen	46	ctrl	0.54071427469173	
gen2trait	46	A	NA	invariant
gen2trait	46	ctrl	0.120050589959681	
null	46	A	NA	invariant
null	46	ctrl	0.486890774637448	
feedback	47	A	9.26161075506663e-06	
feedback	47	ctrl	NA	invariant
trait2gen	47	A	0.955985744920602	
trait2gen	47	ctrl	NA	invariant
gen2trait	47	A	1.1122693858996e-07	
gen2trait	47	ctrl	NA	invariant
null	47	A	0.543853831264473	
null	47	ctrl	NA	invariant
feedback	48	A	1.0434230128394e-08	
feedback	48	ctrl	0.595568110750859	
trait2gen	48	A	0.440212820937682	
trait2gen	48	ctrl	0.223729502169938	
gen2trait	48	A	0.0162949283028438	
gen2trait	48	ctrl	0.920828618414364	
null	48	A	0.874273962728297	
null	48	ctrl	0.0408416294138916	
feedback	49	A	0.0864099427528687	
feedback	49	ctrl	0.812332708671824	
trait2gen	49	A	0.489911334838168	
trait2gen	49	ctrl	0.43850489783084	
gen2trait	49	A	0.00752963491044859	
gen2trait	49	ctrl	0.47419192244448	
null	49	A	0.509817526046226	
null	49	ctrl	0.2141386276704	
feedback	50	A	5.7071675263689e-07	
feedback	50	ctrl	NA	invariant
trait2gen	50	A	0.460095176139731	
trait2gen	50	ctrl	NA	invariant
gen2trait	50	A	0.0002510433845201	
gen2trait	50	ctrl	NA	invariant
null	50	A	0.685844733555194	
null	50	ctrl	NA	invariant
feedback	51	A	1.13428246587101e-05	
feedback	51	ctrl	NA	invariant
trait2gen	51	A	0.924044004509894	
trait2gen	51	ctrl	NA	invariant
gen2trait	51	A	0.0647758854941134	
gen2trait	51	ctrl	NA	invariant
null	51	A	0.972660110443748	
null	51	ctrl	NA	invariant
feedback	52	A	2.40936837712158e-09	
feedback	52	ctrl	NA	invariant
trait2gen	52	A	0.0515790362132525	
trait2gen	52	ctrl	NA	invariant
gen2trait	52	A	0.0002088431681635	
gen2trait	52	ctrl	NA	invariant
null	52	A	0.989780364633178	
null	52	ctrl	NA	invariant
feedback	53	A	4.63309586697107e-08	
feedback	53	ctrl	0.195398227140011	
trait2gen	53	A	0.774216890728206	
trait2gen	53	ctrl	0.191338966258808	
gen2trait	53	A	0.00153807510009618	
gen2trait	53	ctrl	0.262888286651797	
null	53	A	0.0467876165917553	
null	53	ctrl	0.879875924939446	
feedback	54	A	3.49756064554074e-07	
feedback	54	ctrl	0.336245822537369	
trait2gen	54	A	0.923835467652689	
trait2gen	54	ctrl	0.044650389575161	
gen2trait	54	A	0.000499960644688967	
gen2trait	54	ctrl	0.734712592148166	
null	54	A	1	
null	54	ctrl	0.0279311392197346	
feedback	55	A	1.93686269409334e-05	
feedback	55	ctrl	0.586844546607667	
trait2gen	55	A	0.024318310426534	
trait2gen	55	ctrl	0.338754827893268	
gen2trait	55	A	2.43226572366717e-06	
gen2trait	55	ctrl	0.719380030047425	
null	55	A	0.261835225570696	
null	55	ctrl	0.833074642644668	
feedback	56	A	1.29842816087864e-05	
feedback	56	ctrl	0.904675378095926	
trait2gen	56	A	0.596134750066688	
trait2gen	56	ctrl	0.562942313616635	
gen2trait	56	A	0.000193292621056485	
gen2trait	56	ctrl	0.252045160015758	
null	56	A	0.83816904614246	
null	56	ctrl	0.322714245996473	
feedback	57	A	NA	invariant
feedback	57	ctrl	0.732156254975014	
trait2gen	57	A	NA	invariant
trait2gen	57	ctrl	0.9013972692445	
gen2trait	57	A	NA	invariant
gen2trait	57	ctrl	0.99506098337179	
null	57	A	NA	invariant
null	57	ctrl	0.998319767022973	
feedback	58	A	3.17060396932902e-06	
feedback	58	ctrl	0.764467109488867	
trait2gen	58	A	0.197569732870987	
trait2gen	58	ctrl	0.179893286994313	
gen2trait	58	A	2.47229970732026e-06	
gen2trait	58	ctrl	0.0307333930517722	
null	58	A	0.333463578119979	
null	58	ctrl	0.0921174762428795	
feedback	59	A	2.05839354102564e-09	
feedback	59	ctrl	0.0689538774949219	
trait2gen	59	A	0.217322988882619	
trait2gen	59	ctrl	0.189441780610951	
gen2trait	59	A	0.000587391549086004	
gen2trait	59	ctrl	0.272695582134063	
null	59	A	0.93157179929822	
null	59	ctrl	0.933158791753725	
feedback	60	A	NA	invariant
feedback	60	ctrl	NA	invariant
trait2gen	60	A	NA	invariant
trait2gen	60	ctrl	NA	invariant
gen2trait	60	A	NA	invariant
gen2trait	60	ctrl	NA	invariant
null	60	A	NA	invariant
null	60	ctrl	NA	invariant
feedback	61	A	NA	invariant
feedback	61	ctrl	0.444098656560653	
trait2gen	61	A	NA	invariant
trait2gen	61	ctrl	0.152287821625267	
gen2trait	61	A	0.0127061019922797	
gen2trait	61	ctrl	0.107908160389756	
null	61	A	0.347815516336901	
null	61	ctrl	0.0648915017937004	
feedback	62	A	0.011113237275091	
feedback	62	ctrl	0.275451596198189	
trait2gen	62	A	0.672195679866343	
trait2gen	62	ctrl	0.333559425686001	
gen2trait	62	A	0.00267320339479715	
gen2trait	62	ctrl	0.339255503447465	
null	62	A	0.419132286985453	
null	62	ctrl	0.650097499946604	
feedback	63	A	0.340708484886301	
feedback	63	ctrl	0.327227033085164	
trait2gen	63	A	0.397483594535583	
trait2gen	63	ctrl	0.93708409673225	
gen2trait	63	A	0.153947604892801	
gen2trait	63	ctrl	0.117429751515946	
null	63	A	0.923235822002544	
null	63	ctrl	0.612245169227046	
feedback	64	A	2.85903270221099e-10	
feedback	64	ctrl	0.569463301058563	
trait2gen	64	A	0.0983195004327098	
trait2gen	64	ctrl	0.884593578750329	
gen2trait	64	A	1.55160579205748e-05	
gen2trait	64	ctrl	0.930309164278223	
null	64	A	0.307529861478663	
null	64	ctrl	0.185570571656095	
feedback	65	A	0.00920163224825544	
feedback	65	ctrl	0.510161660282793	
trait2gen	65	A	0.0166986227736017	
trait2gen	65	ctrl	0.357670557500489	
gen2trait	65	A	0.571655922887838	
gen2trait	65	ctrl	0.534223527266671	
null	65	A	0.718253232617732	
null	65	ctrl	0.875709622067761	
feedback	66	A	NA	invariant
feedback	66	ctrl	NA	invariant
trait2gen	66	A	NA	invariant
trait2gen	66	ctrl	NA	invariant
gen2trait	66	A	NA	invariant
gen2trait	66	ctrl	NA	invariant
null	66	A	NA	invariant
null	66	ctrl	NA	invariant
feedback	67	A	4.7758100928325e-11	
feedback	67	ctrl	0.194443160644123	
trait2gen	67	A	0.701563466568639	
trait2gen	67	ctrl	0.396239319459489	
gen2trait	67	A	0.00121219045968432	
gen2trait	67	ctrl	0.555755690785954	
null	67	A	0.513348046384096	
null	67	ctrl	0.0594684143041363	
feedback	68	A	NA	invariant
feedback	68	ctrl	0.314575091609907	
trait2gen	68	A	NA	invariant
trait2gen	68	ctrl	0.806144668176102	
gen2trait	68	A	NA	invariant
gen2trait	68	ctrl	0.313132653734239	
null	68	A	NA	invariant
null	68	ctrl	0.842919790069728	
feedback	69	A	NA	invariant
feedback	69	ctrl	0.258135612406584	
trait2gen	69	A	0.609782516313325	
trait2gen	69	ctrl	0.875696526748032	
gen2trait	69	A	0.790547283027858	
gen2trait	69	ctrl	0.995381284714695	
null	69	A	0.812582524494211	
null	69	ctrl	0.98761282688524	
feedback	70	A	NA	invariant
feedback	70	ctrl	NA	invariant
trait2gen	70	A	NA	invariant
trait2gen	70	ctrl	NA	invariant
gen2trait	70	A	NA	invariant
gen2trait	70	ctrl	NA	invariant
null	70	A	NA	invariant
null	70	ctrl	NA	invariant
feedback	71	A	1.89444945632291e-08	
feedback	71	ctrl	0.241751591593101	
trait2gen	71	A	0.356587837407866	
trait2gen	71	ctrl	0.586375765944339	
gen2trait	71	A	2.31752027610156e-05	
gen2trait	71	ctrl	0.823374132062311	
null	71	A	0.601205530168365	
null	71	ctrl	0.406060189064627	
feedback	72	A	NA	invariant
feedback	72	ctrl	NA	invariant
trait2gen	72	A	NA	invariant
trait2gen	72	ctrl	NA	invariant
gen2trait	72	A	NA	invariant
gen2trait	72	ctrl	NA	invariant
null	72	A	NA	invariant
null	72	ctrl	NA	invariant
feedback	73	A	NA	invariant
feedback	73	ctrl	0.200888986491291	
trait2gen	73	A	NA	invariant
trait2gen	73	ctrl	0.253606462503261	
gen2trait	73	A	NA	invariant
gen2trait	73	ctrl	0.299846209670966	
null	73	A	NA	invariant
null	73	ctrl	0.776867607674723	
feedback	74	A	NA	invariant
feedback	74	ctrl	0.79134241251497	
trait2gen	74	A	NA	invariant
trait2gen	74	ctrl	0.362665093272385	
gen2trait	74	A	NA	invariant
gen2trait	74	ctrl	0.97066661393511	
null	74	A	NA	invariant
null	74	ctrl	0.279560528980162	
feedback	75	A	0.0765918803171592	
feedback	75	ctrl	0.978919401295088	
trait2gen	75	A	0.365323185719191	
trait2gen	75	ctrl	0.603252987144087	
gen2trait	75	A	0.0113738677497995	
gen2trait	75	ctrl	0.466636983214303	
null	75	A	0.472911073652631	
null	75	ctrl	0.921179462170338	
feedback	76	A	NA	invariant
feedback	76	ctrl	0.597348465306987	
trait2gen	76	A	NA	invariant
trait2gen	76	ctrl	0.785226172257051	
gen2trait	76	A	NA	invariant
gen2trait	76	ctrl	0.48962841987115	
null	76	A	NA	invariant
null	76	ctrl	0.678659184261997	
feedback	77	A	NA	invariant
feedback	77	ctrl	NA	invariant
trait2gen	77	A	NA	invariant
trait2gen	77	ctrl	NA	invariant
gen2trait	77	A	NA	invariant
gen2trait	77	ctrl	NA	invariant
null	77	A	NA	invariant
null	77	ctrl	NA	invariant
feedback	78	A	0.271404501377099	
feedback	78	ctrl	0.566439706088574	
trait2gen	78	A	0.377058238615113	
trait2gen	78	ctrl	0.0388605372414668	
gen2trait	78	A	0.000110758769762609	
gen2trait	78	ctrl	0.514967859834302	
null	78	A	0.46847219857921	
null	78	ctrl	0.1597329350232	
feedback	79	A	NA	invariant
feedback	79	ctrl	0.906191969685641	
trait2gen	79	A	0.19776928359301	
trait2gen	79	ctrl	0.132049552050444	
gen2trait	79	A	0.0815808937513937	
gen2trait	79	ctrl	0.117899522677032	
null	79	A	0.881368685711911	
null	79	ctrl	0.0433984302298166	
feedback	80	A	NA	invariant
feedback	80	ctrl	NA	invariant
trait2gen	80	A	NA	invariant
trait2gen	80	ctrl	NA	invariant
gen2trait	80	A	0.047201583640672	
gen2trait	80	ctrl	NA	invariant
null	80	A	0.459176011690279	
null	80	ctrl	NA	invariant
feedback	81	A	0.000365746462654044	
feedback	81	ctrl	0.381808148777528	
trait2gen	81	A	0.216394970596167	
trait2gen	81	ctrl	0.888836800888997	
gen2trait	81	A	7.03145148406026e-05	
gen2trait	81	ctrl	0.803448955544949	
null	81	A	0.808908775568112	
null	81	ctrl	0.863005339212173	
feedback	82	A	5.14564399582165e-07	
feedback	82	ctrl	0.198173082911218	
trait2gen	82	A	0.199553148121067	
trait2gen	82	ctrl	0.85943126818758	
gen2trait	82	A	2.62385571050273e-05	
gen2trait	82	ctrl	0.105412495040134	
null	82	A	0.606538303311989	
null	82	ctrl	0.104742945984381	
feedback	83	A	1	
feedback	83	ctrl	0.919337623178873	
trait2gen	83	A	0.622145065098846	
trait2gen	83	ctrl	0.165175184728186	
gen2trait	83	A	0.000533064033958336	
gen2trait	83	ctrl	0.064844449829125	
null	83	A	0.327487874645365	
null	83	ctrl	0.00752191933548936	
feedback	84	A	6.82742760278697e-06	
feedback	84	ctrl	0.223627081198008	
trait2gen	84	A	0.00650874076962538	
trait2gen	84	ctrl	0.218903934344643	
gen2trait	84	A	0.000210963983240718	
gen2trait	84	ctrl	0.434310896972869	
null	84	A	0.213320324845125	
null	84	ctrl	0.768362771974682	
feedback	85	A	7.49443073003168e-08	
feedback	85	ctrl	0.0958476755568985	
trait2gen	85	A	0.0096412442393665	
trait2gen	85	ctrl	0.874741761866115	
gen2trait	85	A	0.0144228082809691	
gen2trait	85	ctrl	0.0770650652116635	
null	85	A	0.682178247627424	
null	85	ctrl	0.781676214896106	
feedback	86	A	0.000231136295249185	
feedback	86	ctrl	0.135716065693299	
trait2gen	86	A	0.292649572948392	
trait2gen	86	ctrl	0.0563270620438126	
gen2trait	86	A	0.00107133633101532	
gen2trait	86	ctrl	0.975623845680202	
null	86	A	0.778912719855891	
null	86	ctrl	0.589329296671388	
feedback	87	A	0.000149554901124251	
feedback	87	ctrl	0.166614185086224	
trait2gen	87	A	0.193000467158898	
trait2gen	87	ctrl	0.543956457696774	
gen2trait	87	A	0.0483281742875154	
gen2trait	87	ctrl	0.266438590659144	
null	87	A	0.164077325548742	
null	87	ctrl	0.250878391393912	
feedback	88	A	1.45135903829776e-10	
feedback	88	ctrl	0.361389912424269	
trait2gen	88	A	0.909743890938592	
trait2gen	88	ctrl	0.0873486894133712	
gen2trait	88	A	2.04112019438786e-08	
gen2trait	88	ctrl	0.342667039990668	
null	88	A	0.795391338470726	
null	88	ctrl	0.0558539377139555	
feedback	89	A	0.000612353230545554	
feedback	89	ctrl	0.735856293308437	
trait2gen	89	A	0.215323379682761	
trait2gen	89	ctrl	0.200552124893321	
gen2trait	89	A	0.00867456089243082	
gen2trait	89	ctrl	0.0276409888234976	
null	89	A	0.931450014337647	
null	89	ctrl	0.684352363278794	
feedback	90	A	0.951195905239173	
feedback	90	ctrl	0.445931301572795	
trait2gen	90	A	0.690355063082159	
trait2gen	90	ctrl	0.19261170678517	
gen2trait	90	A	0.320622908091934	
gen2trait	90	ctrl	0.568003852509153	
null	90	A	0.993830466217481	
null	90	ctrl	0.96735543136703	
feedback	91	A	0.0801717029957331	
feedback	91	ctrl	0.52035108400322	
trait2gen	91	A	0.218397433800085	
trait2gen	91	ctrl	0.728581028737508	
gen2trait	91	A	0.31479204497776	
gen2trait	91	ctrl	0.0821881798291224	
null	91	A	0.38762906443197	
null	91	ctrl	0.102860242123402	
feedback	92	A	NA	invariant
feedback	92	ctrl	0.082458000115288	
trait2gen	92	A	NA	invariant
trait2gen	92	ctrl	0.785725470045481	
gen2trait	92	A	NA	invariant
gen2trait	92	ctrl	0.436736582126656	
null	92	A	NA	invariant
null	92	ctrl	0.0699630593009417	
feedback	93	A	NA	invariant
feedback	93	ctrl	0.299047298359126	
trait2gen	93	A	NA	invariant
trait2gen	93	ctrl	0.706374098881246	
gen2trait	93	A	NA	invariant
gen2trait	93	ctrl	0.963776663474291	
null	93	A	NA	invariant
null	93	ctrl	0.277584755646803	
feedback	94	A	NA	invariant
feedback	94	ctrl	0.504961409224419	
trait2gen	94	A	NA	invariant
trait2gen	94	ctrl	0.420004422106606	
gen2trait	94	A	NA	invariant
gen2trait	94	ctrl	0.85305012752524	
null	94	A	NA	invariant
null	94	ctrl	0.364283277869029	
feedback	95	A	NA	invariant
feedback	95	ctrl	0.31516592830201	
trait2gen	95	A	NA	invariant
trait2gen	95	ctrl	0.166775445525019	
gen2trait	95	A	NA	invariant
gen2trait	95	ctrl	0.66894405918125	
null	95	A	NA	invariant
null	95	ctrl	0.158947130446862	
feedback	96	A	NA	invariant
feedback	96	ctrl	0.660432329484887	
trait2gen	96	A	NA	invariant
trait2gen	96	ctrl	0.914600004882285	
gen2trait	96	A	NA	invariant
gen2trait	96	ctrl	0.71888598236671	
null	96	A	NA	invariant
null	96	ctrl	0.187275788438467	
feedback	97	A	0.000338524107027606	
feedback	97	ctrl	0.370191795500536	
trait2gen	97	A	0.69287002026353	
trait2gen	97	ctrl	0.18144909399771	
gen2trait	97	A	0.00388458803794731	
gen2trait	97	ctrl	0.00583201948062972	
null	97	A	0.331166782576661	
null	97	ctrl	0.408153757971351	
feedback	98	A	0.0020359741645118	
feedback	98	ctrl	NA	invariant
trait2gen	98	A	0.716488731962902	
trait2gen	98	ctrl	NA	invariant
gen2trait	98	A	0.000742165781560148	
gen2trait	98	ctrl	NA	invariant
null	98	A	0.695801649587774	
null	98	ctrl	NA	invariant
feedback	99	A	7.32388295985397e-06	
feedback	99	ctrl	0.921477004416272	
trait2gen	99	A	0.187988102940664	
trait2gen	99	ctrl	0.950844855612256	
gen2trait	99	A	0.000214913104813572	
gen2trait	99	ctrl	0.841780698329147	
null	99	A	0.386403294696573	
null	99	ctrl	0.756381774550361	
feedback	100	A	0.989112939361981	
feedback	100	ctrl	0.0196702433359986	
trait2gen	100	A	0.662461140441318	
trait2gen	100	ctrl	0.0865995262412333	
gen2trait	100	A	0.905686797779344	
gen2trait	100	ctrl	0.893166575957891	
null	100	A	0.363398628671948	
null	100	ctrl	0.757300364216631	
feedback	101	A	3.27512881244144e-06	
feedback	101	ctrl	NA	invariant
trait2gen	101	A	0.266349946886189	
trait2gen	101	ctrl	NA	invariant
gen2trait	101	A	0.00113365677530466	
gen2trait	101	ctrl	NA	invariant
null	101	A	0.502743678446332	
null	101	ctrl	NA	invariant
feedback	102	A	3.71883032507078e-10	
feedback	102	ctrl	0.0776258545157308	
trait2gen	102	A	0.0469674869866603	
trait2gen	102	ctrl	0.349425125446027	
gen2trait	102	A	2.00472975658205e-06	
gen2trait	102	ctrl	0.192757008139249	
null	102	A	0.207144682758012	
null	102	ctrl	0.133102253712167	
feedback	103	A	2.15021901405527e-05	
feedback	103	ctrl	0.395838393550322	
trait2gen	103	A	0.00445759019465645	
trait2gen	103	ctrl	0.0743293924328673	
gen2trait	103	A	0.000623017240764164	
gen2trait	103	ctrl	0.646344560405932	
null	103	A	0.968714481189822	
null	103	ctrl	0.259459995698508	
feedback	104	A	0.00191684623358123	
feedback	104	ctrl	0.119882913507761	
trait2gen	104	A	0.632892042767732	
trait2gen	104	ctrl	0.792181324269444	
gen2trait	104	A	0.00347594256186881	
gen2trait	104	ctrl	0.552088372824708	
null	104	A	0.149721432888472	
null	104	ctrl	0.866279831802302	
feedback	105	A	1.37870307715562e-09	
feedback	105	ctrl	0.349798012285358	
trait2gen	105	A	0.00186578887232465	
trait2gen	105	ctrl	0.904847169061151	
gen2trait	105	A	1.25583471146463e-06	
gen2trait	105	ctrl	0.810118549340484	
null	105	A	1	
null	105	ctrl	0.516466111873785	
feedback	106	A	0.00518950207762763	
feedback	106	ctrl	0.38693963941846	
trait2gen	106	A	0.161474109680687	
trait2gen	106	ctrl	0.777544308403956	
gen2trait	106	A	0.161914577069163	
gen2trait	106	ctrl	0.0615545527794103	
null	106	A	0.625114911484888	
null	106	ctrl	0.379197394177343	
feedback	107	A	1.76091508670714e-08	
feedback	107	ctrl	0.999952652963304	
trait2gen	107	A	0.0209782852330358	
trait2gen	107	ctrl	0.228960335916343	
gen2trait	107	A	3.17817325195002e-05	
gen2trait	107	ctrl	0.0720697808163952	
null	107	A	0.555647151394789	
null	107	ctrl	0.762525653355027	
feedback	108	A	3.5938868200513e-07	
feedback	108	ctrl	0.498107982335921	
trait2gen	108	A	0.452627540342131	
trait2gen	108	ctrl	0.258679650839311	
gen2trait	108	A	0.119027334919469	
gen2trait	108	ctrl	0.0581669882126829	
null	108	A	0.19883825280656	
null	108	ctrl	0.805128433852915	
feedback	109	A	4.91783520304489e-05	
feedback	109	ctrl	0.803227504607431	
trait2gen	109	A	0.820840446426543	
trait2gen	109	ctrl	0.800041655022647	
gen2trait	109	A	0.0170927156619145	
gen2trait	109	ctrl	0.234801560987409	
null	109	A	0.325888314560984	
null	109	ctrl	0.489315505970017	
feedback	110	A	3.21859526431317e-06	
feedback	110	ctrl	0.759523553074188	
trait2gen	110	A	0.714570465608226	
trait2gen	110	ctrl	0.0310435240848163	
gen2trait	110	A	2.1972172126839e-05	
gen2trait	110	ctrl	0.0650235631101844	
null	110	A	0.00557662126755999	
null	110	ctrl	0.0700539220351277	
feedback	111	A	8.11964936498471e-06	
feedback	111	ctrl	0.746296281259164	
trait2gen	111	A	0.649121269736403	
trait2gen	111	ctrl	0.335832630316452	
gen2trait	111	A	0.00430640637419238	
gen2trait	111	ctrl	0.086081128022552	
null	111	A	0.0396006748322325	
null	111	ctrl	0.670324034678209	
feedback	112	A	1.30345336858592e-05	
feedback	112	ctrl	0.00583519633810304	
trait2gen	112	A	0.516938096630538	
trait2gen	112	ctrl	0.0606998106247853	
gen2trait	112	A	0.00180707443644254	
gen2trait	112	ctrl	0.610520352694884	
null	112	A	0.884038264147604	
null	112	ctrl	0.0246424295205444	
feedback	113	A	1.82512541759196e-07	
feedback	113	ctrl	0.364828476791808	
trait2gen	113	A	0.0537895908078117	
trait2gen	113	ctrl	0.186711798514524	
gen2trait	113	A	0.000132589111984265	
gen2trait	113	ctrl	0.109439905269887	
null	113	A	0.326428049098266	
null	113	ctrl	0.62596030928012	
feedback	114	A	1.12584393873862e-06	
feedback	114	ctrl	0.965835127203093	
trait2gen	114	A	0.254750844075762	
trait2gen	114	ctrl	0.764334239727584	
gen2trait	114	A	0.0223682595662947	
gen2trait	114	ctrl	0.0398792039996193	
null	114	A	0.847245285130149	
null	114	ctrl	0.907405296332266	
feedback	115	A	NA	invariant
feedback	115	ctrl	0.520491370466147	
trait2gen	115	A	NA	invariant
trait2gen	115	ctrl	0.746844557833887	
gen2trait	115	A	NA	invariant
gen2trait	115	ctrl	0.546375685737768	
null	115	A	NA	invariant
null	115	ctrl	0.958407371716404	
feedback	116	A	9.02375952946197e-05	
feedback	116	ctrl	0.45892213133379	
trait2gen	116	A	0.00663233396321404	
trait2gen	116	ctrl	0.283665441912547	
gen2trait	116	A	0.00167274136758896	
gen2trait	116	ctrl	0.0833068114237335	
null	116	A	0.447065006516704	
null	116	ctrl	0.0684629213299214	
feedback	117	A	NA	invariant
feedback	117	ctrl	NA	invariant
trait2gen	117	A	NA	invariant
trait2gen	117	ctrl	NA	invariant
gen2trait	117	A	NA	invariant
gen2trait	117	ctrl	NA	invariant
null	117	A	NA	invariant
null	117	ctrl	NA	invariant
feedback	118	A	0.00069487234950366	
feedback	118	ctrl	NA	invariant
trait2gen	118	A	0.778014404533529	
trait2gen	118	ctrl	NA	invariant
gen2trait	118	A	0.000715472469849198	
gen2trait	118	ctrl	NA	invariant
null	118	A	0.89074067206914	
null	118	ctrl	NA	invariant
feedback	119	A	NA	invariant
feedback	119	ctrl	NA	invariant
trait2gen	119	A	NA	invariant
trait2gen	119	ctrl	NA	invariant
gen2trait	119	A	NA	invariant
gen2trait	119	ctrl	NA	invariant
null	119	A	NA	invariant
null	119	ctrl	NA	invariant
feedback	120	A	NA	invariant
feedback	120	ctrl	NA	invariant
trait2gen	120	A	NA	invariant
trait2gen	120	ctrl	NA	invariant
gen2trait	120	A	NA	invariant
gen2trait	120	ctrl	NA	invariant
null	120	A	NA	invariant
null	120	ctrl	NA	invariant
feedback	121	A	NA	invariant
feedback	121	ctrl	0.501559945526796	
trait2gen	121	A	NA	invariant
trait2gen	121	ctrl	0.0781101730710646	
gen2trait	121	A	NA	invariant
gen2trait	121	ctrl	0.472886904765239	
null	121	A	NA	invariant
null	121	ctrl	0.185890457670681	
feedback	122	A	0.000108175182748605	
feedback	122	ctrl	NA	invariant
trait2gen	122	A	0.180757512420562	
trait2gen	122	ctrl	NA	invariant
gen2trait	122	A	0.00532485954939672	
gen2trait	122	ctrl	NA	invariant
null	122	A	0.479446958925587	
null	122	ctrl	NA	invariant
feedback	123	A	0.282797492059567	
feedback	123	ctrl	0.253840758619304	
trait2gen	123	A	0.18459988400478	
trait2gen	123	ctrl	0.449863578643481	
gen2trait	123	A	0.000242288047863446	
gen2trait	123	ctrl	0.301354535539885	
null	123	A	0.336668399409592	
null	123	ctrl	0.929443379955694	
feedback	124	A	0.00150940547762461	
feedback	124	ctrl	NA	invariant
trait2gen	124	A	0.00240477874426852	
trait2gen	124	ctrl	NA	invariant
gen2trait	124	A	1.01323849298542e-06	
gen2trait	124	ctrl	NA	invariant
null	124	A	0.659870919488924	
null	124	ctrl	NA	invariant
feedback	125	A	NA	invariant
feedback	125	ctrl	NA	invariant
trait2gen	125	A	NA	invariant
trait2gen	125	ctrl	NA	invariant
gen2trait	125	A	NA	invariant
gen2trait	125	ctrl	NA	invariant
null	125	A	NA	invariant
null	125	ctrl	NA	invariant
feedback	126	A	6.29547003539017e-09	
feedback	126	ctrl	0.752871892955019	
trait2gen	126	A	0.881983371890126	
trait2gen	126	ctrl	0.850948615431898	
gen2trait	126	A	3.28557322545907e-05	
gen2trait	126	ctrl	0.0362111419851236	
null	126	A	0.480697544582168	
null	126	ctrl	0.424282324635372	
feedback	127	A	NA	invariant
feedback	127	ctrl	0.361159945904262	
trait2gen	127	A	NA	invariant
trait2gen	127	ctrl	0.652038398953385	
gen2trait	127	A	NA	invariant
gen2trait	127	ctrl	0.634778051164975	
null	127	A	NA	invariant
null	127	ctrl	0.450233759373643	
feedback	128	A	NA	invariant
feedback	128	ctrl	0.551160912746665	
trait2gen	128	A	NA	invariant
trait2gen	128	ctrl	0.998603097712473	
gen2trait	128	A	0.95602404684273	
gen2trait	128	ctrl	0.496212921009366	
null	128	A	NA	invariant
null	128	ctrl	0.754236413745543	
feedback	129	A	0.000104328720267037	
feedback	129	ctrl	0.290201982259715	
trait2gen	129	A	0.17262576233308	
trait2gen	129	ctrl	0.717450250666146	
gen2trait	129	A	1.75480732178456e-08	
gen2trait	129	ctrl	0.174527121200336	
null	129	A	0.982654360231655	
null	129	ctrl	0.732651913031674	
feedback	130	A	NA	invariant
feedback	130	ctrl	0.138951557645293	
trait2gen	130	A	NA	invariant
trait2gen	130	ctrl	0.862804902303361	
gen2trait	130	A	NA	invariant
gen2trait	130	ctrl	0.57823866235649	
null	130	A	NA	invariant
null	130	ctrl	0.675498583437469	
feedback	131	A	NA	invariant
feedback	131	ctrl	NA	invariant
trait2gen	131	A	NA	invariant
trait2gen	131	ctrl	NA	invariant
gen2trait	131	A	NA	invariant
gen2trait	131	ctrl	NA	invariant
null	131	A	NA	invariant
null	131	ctrl	NA	invariant
feedback	132	A	1.53309479205465e-09	
feedback	132	ctrl	0.859231970053685	
trait2gen	132	A	0.474721857263904	
trait2gen	132	ctrl	0.874964350512792	
gen2trait	132	A	0.000178154714109659	
gen2trait	132	ctrl	1	
null	132	A	0.147705557648948	
null	132	ctrl	0.829976333856046	
feedback	133	A	1.748736802786e-06	
feedback	133	ctrl	0.0359180686510934	
trait2gen	133	A	0.464969900083263	
trait2gen	133	ctrl	0.791002245191766	
gen2trait	133	A	1.30054964984114e-05	
gen2trait	133	ctrl	0.0202754767158849	
null	133	A	0.435107284976369	
null	133	ctrl	0.492665845322013	
feedback	134	A	3.48888549517622e-10	
feedback	134	ctrl	0.467006024336894	
trait2gen	134	A	0.260560523286967	
trait2gen	134	ctrl	0.365433234818901	
gen2trait	134	A	0.00214691841147105	
gen2trait	134	ctrl	0.318756278589781	
null	134	A	0.275938343007985	
null	134	ctrl	0.309647498243614	
feedback	135	A	0.000918425393920219	
feedback	135	ctrl	0.384210604142258	
trait2gen	135	A	0.255796379491962	
trait2gen	135	ctrl	0.728623260447767	
gen2trait	135	A	0.000162261202215059	
gen2trait	135	ctrl	0.204668591927539	
null	135	A	0.522420383132662	
null	135	ctrl	0.183510175352988	
feedback	136	A	3.56721506578541e-06	
feedback	136	ctrl	0.229596074261786	
trait2gen	136	A	0.162948872676886	
trait2gen	136	ctrl	0.214617654805997	
gen2trait	136	A	0.000582837830408911	
gen2trait	136	ctrl	0.0430758291632353	
null	136	A	0.479359520278764	
null	136	ctrl	0.0964283683189873	
feedback	137	A	2.10109315121567e-05	
feedback	137	ctrl	NA	invariant
trait2gen	137	A	NA	invariant
trait2gen	137	ctrl	NA	invariant
gen2trait	137	A	NA	invariant
gen2trait	137	ctrl	NA	invariant
null	137	A	0.0451606122604699	
null	137	ctrl	NA	invariant
feedback	138	A	NA	invariant
feedback	138	ctrl	NA	invariant
trait2gen	138	A	NA	invariant
trait2gen	138	ctrl	NA	invariant
gen2trait	138	A	NA	invariant
gen2trait	138	ctrl	NA	invariant
null	138	A	NA	invariant
null	138	ctrl	NA	invariant
feedback	139	A	2.86882805189804e-07	
feedback	139	ctrl	0.280500677685155	
trait2gen	139	A	0.0534545661921107	
trait2gen	139	ctrl	0.506507281364026	
gen2trait	139	A	4.05780683711219e-05	
gen2trait	139	ctrl	0.612522949474185	
null	139	A	0.710637788219479	
null	139	ctrl	0.629381850641218	
feedback	140	A	7.20282552818147e-13	
feedback	140	ctrl	0.962441487082081	
trait2gen	140	A	0.553862031407342	
trait2gen	140	ctrl	0.254415329127555	
gen2trait	140	A	0.0106782307258199	
gen2trait	140	ctrl	0.528116404525231	
null	140	A	0.103783651257974	
null	140	ctrl	0.292858777379169	
feedback	141	A	NA	invariant
feedback	141	ctrl	0.980754115705551	
trait2gen	141	A	NA	invariant
trait2gen	141	ctrl	0.23449659330474	
gen2trait	141	A	NA	invariant
gen2trait	141	ctrl	0.898210473537282	
null	141	A	NA	invariant
null	141	ctrl	0.270960034372338	
feedback	142	A	3.77960062497848e-06	
feedback	142	ctrl	NA	invariant
trait2gen	142	A	0.0341067270818854	
trait2gen	142	ctrl	NA	invariant
gen2trait	142	A	0.00374476383954331	
gen2trait	142	ctrl	NA	invariant
null	142	A	0.859689672587042	
null	142	ctrl	NA	invariant
feedback	143	A	NA	invariant
feedback	143	ctrl	NA	invariant
trait2gen	143	A	NA	invariant
trait2gen	143	ctrl	NA	invariant
gen2trait	143	A	NA	invariant
gen2trait	143	ctrl	NA	invariant
null	143	A	NA	invariant
null	143	ctrl	NA	invariant
feedback	144	A	5.89756287009822e-06	
feedback	144	ctrl	0.474838269859042	
trait2gen	144	A	0.168963426298724	
trait2gen	144	ctrl	0.342010277351554	
gen2trait	144	A	9.26821593496444e-05	
gen2trait	144	ctrl	0.323231848751396	
null	144	A	0.999999934950295	
null	144	ctrl	0.615466651678242	
feedback	145	A	NA	invariant
feedback	145	ctrl	0.280363458067143	
trait2gen	145	A	NA	invariant
trait2gen	145	ctrl	0.0154108158523048	
gen2trait	145	A	NA	invariant
gen2trait	145	ctrl	0.637580859095097	
null	145	A	NA	invariant
null	145	ctrl	0.847834461213248	
feedback	146	A	9.73254701975158e-09	
feedback	146	ctrl	0.0513224217236991	
trait2gen	146	A	0.0711011959448604	
trait2gen	146	ctrl	0.0335789006263534	
gen2trait	146	A	0.0410655652250237	
gen2trait	146	ctrl	0.0340405339724325	
null	146	A	0.573067782548002	
null	146	ctrl	0.332080406644919	
feedback	147	A	NA	invariant
feedback	147	ctrl	0.692600083854009	
trait2gen	147	A	0.0250235655868811	
trait2gen	147	ctrl	0.647483919039701	
gen2trait	147	A	0.0286478612930022	
gen2trait	147	ctrl	0.858536443269686	
null	147	A	0.522189687163436	
null	147	ctrl	0.850763355828856	
feedback	148	A	NA	invariant
feedback	148	ctrl	NA	invariant
trait2gen	148	A	NA	invariant
trait2gen	148	ctrl	NA	invariant
gen2trait	148	A	NA	invariant
gen2trait	148	ctrl	NA	invariant
null	148	A	NA	invariant
null	148	ctrl	NA	invariant
feedback	149	A	0.000533078002615085	
feedback	149	ctrl	0.477129618409092	
trait2gen	149	A	0.27798662692353	
trait2gen	149	ctrl	0.306779931966698	
gen2trait	149	A	0.000191545078839495	
gen2trait	149	ctrl	0.912142800887398	
null	149	A	0.435428163562558	
null	149	ctrl	0.99446812563873	
feedback	150	A	NA	invariant
feedback	150	ctrl	0.13094968247617	
trait2gen	150	A	NA	invariant
trait2gen	150	ctrl	0.0932254885719709	
gen2trait	150	A	NA	invariant
gen2trait	150	ctrl	0.108641996077813	
null	150	A	NA	invariant
null	150	ctrl	0.751676689230119	
