tag	character	n_tips	n_present	lnL_full	lnL_null	lambda0	lambda1	mu0	mu1	q01	q10	chisq	p	status
n1000_f3.0_r000	driver	1000	910	-183.076510207231	-204.694312718503	1.11955439245253	2.98564017192104	0.0921554087462193	0.168844191303518	4.22591544375357e-08	0.157516421309011	43.2356050225438	4.08796960896902e-10	ok
n1000_f3.0_r000	control	1000	894	-139.781333766224	-143.576907260687	2.04898324560839	2.98515583383295	5.1045522628268e-06	0.359123153378831	7.25251598387177e-08	0.0946263788636954	7.59114698892671	0.0224700156912906	ok
n1000_f3.0_r001	driver	1000	950	-120.737224818654	-135.137615680777	1.13204042566735	3.0641033689615	1.50978604595879	0.314574093101368	2.0099667355028e-07	0.156803935540571	28.8007817242473	5.57172549057621e-07	ok
n1000_f3.0_r001	control	1000	591	-95.7185481074284	-96.0039016274124	3.00529905629925	2.95849220218763	0.229138836255746	0.404070389921671	1.25949265951507e-09	0.12256818918487	0.570707039968113	0.751748449238658	ok
n1000_f3.0_r002	driver	1000	921	-187.409858885483	-206.879129759457	1.14107278920016	2.98074197178142	0.373629700971793	0.341843979083709	1.11343011158459e-08	0.143094571907793	38.9385417479478	3.50431463792933e-09	ok
n1000_f3.0_r002	control	1000	669	-160.720961384755	-161.297237866776	2.64178604821929	2.96730882606493	1.74136983264053e-07	0.591674344412189	1.40692340957412e-11	0.113298333424755	1.15255296404246	0.561987044401109	ok
n1000_f3.0_r003	driver	1000	942	-162.624734589871	-172.36759631725	1.69013259857199	2.97954657665029	2.03164206129142	0.293952320267994	2.10630813744457e-07	0.175887130988611	19.4857234547576	5.87122756736088e-05	ok
n1000_f3.0_r003	control	1000	830	-147.587679281451	-148.995784705519	3.67340890207448	2.78810467156059	1.52378625348121	0.13950776276026	2.0419639753036e-09	0.131266026159075	2.81621084813617	0.244606269584626	ok
n1000_f3.0_r004	driver	1000	937	-166.806311580555	-189.083511922945	0.816382120784076	3.22275575249327	0.167490701849209	0.812898331350719	1.08674778701999e-07	0.110363452316081	44.55440068478	2.1141452370053e-10	ok
n1000_f3.0_r004	control	1000	841	-174.752508466942	-174.775079712124	3.06764453786445	3.08640284938726	0.887360536461974	0.814487610054526	2.77422146673323e-08	0.103464456683237	0.0451424903648672	0.977681579609481	ok
n1000_f3.0_r005	driver	1000	936	-132.562009289912	-148.214909819993	1.20582608096013	3.08143020567677	1.19372200804344	0.209070050507664	1.28081821018953e-08	0.183504519625164	31.3058010601617	1.59232485440027e-07	ok
n1000_f3.0_r005	control	1000	608	-92.0375725556466	-93.3174482371389	3.13155854375189	2.82942264611038	0.130110184852666	0.160873253668779	3.00231215275253e-09	0.143367558217483	2.55975136298463	0.278071867784103	ok
n1000_f3.0_r006	driver	1000	960	-93.4529276526115	-103.91763497488	1.00902384745884	2.88352836300496	0.583570576224752	0.01963346510137	1.07363293306898e-07	0.0983504361216803	20.9294146445374	2.85256372541184e-05	ok
n1000_f3.0_r006	control	1000	758	-143.009249072548	-143.595752041297	3.1970350231733	2.79537416755043	0.71665722372925	4.69203807516251e-07	3.95116413838668e-08	0.159518986864658	1.17300593749832	0.55626917802419	ok
n1000_f3.0_r007	driver	1000	939	-76.1636370548169	-92.7753363652839	1.08239534412424	3.49041692702445	1.55308957356326e-06	0.985507324533134	1.19937682729941e-09	0.0885621756801055	33.223398620934	6.10422670373729e-08	ok
n1000_f3.0_r007	control	1000	564	-66.4470011784547	-69.6974910287553	3.20694761043091	3.31611009255318	0.170510838894378	1.19083839745996	2.15363785065466e-09	0.11047282020331	6.50097970060116	0.0387552189256012	ok
n1000_f3.0_r008	driver	1000	930	-171.606288242298	-183.494638987623	1.40262573805372	2.82262708441891	0.673086893072009	2.5274579168599e-08	1.97527894420705e-07	0.147712498194527	23.7767014906487	6.86997050307028e-06	ok
n1000_f3.0_r008	control	1000	851	-136.896875702217	-136.930616677009	2.81804809150298	2.70882485642374	0.102630858449226	2.59297276224651e-06	1.42681067307155e-07	0.100458301766036	0.0674819495847601	0.966821903450577	ok
n1000_f3.0_r009	driver	1000	927	-141.4321024238	-156.590392399651	1.28799988396282	3.13573552777702	0.384887367203173	0.464315140542964	5.53836659619103e-08	0.128720585792571	30.3165799517008	2.61118900509629e-07	ok
n1000_f3.0_r009	control	1000	708	-114.171677268172	-115.128834391397	3.13665347885374	2.92156362579749	0.282126244501779	0.444332078611974	8.68579281976259e-09	0.104040627989939	1.91431424644972	0.383982951995549	ok
n1000_f3.0_r010	driver	1000	930	-245.22827118116	-258.706489660971	1.06026220997848	3.00567452498576	0.0132038393781675	0.574595989525264	0.757640164255452	0.154331464487926	26.9564369596224	1.40114824877134e-06	ok
n1000_f3.0_r010	control	1000	883	-206.967366527437	-209.403186033854	2.27499640960313	2.94588554413936	0.493091002277755	0.574980999116788	8.10874383918113e-08	0.107029422944001	4.8716390128335	0.0875259895391445	ok
n1000_f3.0_r011	driver	1000	908	-260.214479355901	-283.501370649838	1.03541310265824	2.79168738568342	3.67155243392896e-08	0.325098347179272	2.10203321390785e-07	0.120229406480089	46.5737825878745	7.70249828626007e-11	ok
n1000_f3.0_r011	control	1000	782	-244.676452669959	-246.986864168518	2.42385538501247	2.65925320909009	0.561441476435195	0.229031149906355	0.0103227478247237	0.104095556051304	4.62082299711886	0.0992204141004755	ok
n1000_f3.0_r012	driver	1000	947	-197.523421796674	-212.488122860396	0.867693624002124	3.10872765957167	0.407122892467389	0.854338354150297	0.097997745716595	0.103465591838799	29.9294021274457	3.16893188791503e-07	ok
n1000_f3.0_r012	control	1000	617	-200.11735363031	-203.36615323151	2.6808041697748	3.14221544589717	2.79306762121383e-07	1.18257883603009	4.84792673510807e-09	0.108905792870882	6.4975992023991	0.0388207802914616	ok
n1000_f3.0_r013	driver	1000	920	-109.203582137817	-128.223347883154	1.21530193210918	3.17842403132474	3.18549089327014e-06	0.312763485942781	1.48452790597461e-09	0.126698636003229	38.0395314906737	5.49314027790038e-09	ok
n1000_f3.0_r013	control	1000	513	-59.5651444366057	-60.5085258974234	2.78623429875368	3.17273814429087	0.0986819040605082	0.388737261050655	1.09456272625713e-08	0.139463279174159	1.88676292163538	0.389309173397329	ok
n1000_f3.0_r014	driver	1000	907	-243.189933480877	-259.332674101071	1.36610152088438	3.01202021133008	0.658130677089862	0.530475793896496	1.00046084259446e-07	0.167652145040961	32.2854812403875	9.75656238526751e-08	ok
n1000_f3.0_r014	control	1000	781	-207.462450103419	-208.427591512652	2.98887339479499	2.79048821763623	0.212429677002943	0.492567873157127	1.98909528255168e-07	0.112070621597857	1.93028281846574	0.380929329006325	ok
n1000_f3.0_r015	driver	1000	935	-226.065044415468	-247.172365700123	0.730151940963301	2.70948336796553	0.3747550382807	1.72393467219793e-05	1.69807517850301e-05	0.153153295947181	42.2146425693103	6.81093661049597e-10	ok
n1000_f3.0_r015	control	1000	848	-220.214379285346	-220.401948372781	2.74803133706595	2.5912687269827	0.484104573034136	1.48060803016971e-07	7.99918960104092e-07	0.126333840811815	0.37513817486979	0.828971844663635	ok
n1000_f3.0_r016	driver	1000	933	-146.146112790257	-165.182548750694	1.00825554542096	3.38895836321151	0.601241975556107	0.90503470997135	2.54399972628257e-07	0.142540239129562	38.0728719208752	5.40232748531581e-09	ok
n1000_f3.0_r016	control	1000	836	-152.591451361257	-152.794747614833	3.46610894768381	3.12476059269331	1.24713752054054	0.671454234196491	8.30807934697001e-09	0.141437841509382	0.406592507151913	0.816036451894887	ok
n1000_f3.0_r017	driver	1000	943	-165.361791796362	-191.961380641289	0.599589216175644	2.97501860836753	5.31476866432815e-07	0.335231100687282	3.95387151111656e-08	0.113278944333301	53.1991776898531	2.80508059449448e-12	ok
n1000_f3.0_r017	control	1000	700	-160.351266968531	-160.790242391675	3.12188157916272	2.76776074308387	0.689368021179403	0.283630206344365	7.89634771563025e-11	0.13150544086325	0.877950846287035	0.644696624051501	ok
n1000_f3.0_r018	driver	1000	940	-171.968343022558	-185.683052987145	1.12043337119809	2.97568160605955	0.908809688646011	0.359644028063738	1.70870238130816e-07	0.145624061293197	27.4294199291734	1.10605606486778e-06	ok
n1000_f3.0_r018	control	1000	826	-195.31972152033	-195.508303218284	2.62955702129851	2.88147239593597	7.09734094262936e-06	0.357687599407817	5.50354990217186e-09	0.122280382539518	0.377163395908951	0.828132843915475	ok
n1000_f3.0_r019	driver	1000	945	-85.7997647241428	-97.3434186675893	1.23772773649853	3.36962063971143	0.577702530314248	0.81010758426416	4.52322909321688e-08	0.109617309418684	23.087307886893	9.69738842300844e-06	ok
n1000_f3.0_r019	control	1000	821	-103.314496815094	-103.603467018382	3.56238194338803	3.14699944738417	1.15953783334744	0.605884662684622	4.71640173053298e-08	0.123894729999531	0.577940406577397	0.749034523835621	ok
n1000_f3.0_r020	driver	1000	946	-160.330241913744	-167.401160560508	1.79425984266111	2.95578676635847	1.31858371222683	0.395134699617826	0.159316250231338	0.121936053263573	14.1418372935299	0.000849452403922618	ok
n1000_f3.0_r020	control	1000	923	-143.4870878564	-145.686917073913	4.32642022345058	2.82028204595229	3.0683742818958	0.270269812510204	6.06738221651774e-08	0.118254770250495	4.39965843502682	0.110822083217212	ok
n1000_f3.0_r021	driver	1000	942	-154.966288028678	-166.648161594745	1.12208796963462	2.80383316557982	0.355478592151367	1.49848865298766e-08	7.02505945855856e-07	0.121912417158361	23.3637471321333	8.44552733609562e-06	ok
n1000_f3.0_r021	control	1000	869	-197.157659741711	-197.175204604491	2.79979544203455	2.7085159739176	0.134245665001669	4.28016432304294e-07	0.0203305587936343	0.135487718433924	0.0350897255581231	0.982608152143792	ok
n1000_f3.0_r022	driver	1000	954	-56.2356215199248	-59.6501170207063	2.21969426456493	3.08054523194175	4.01365819690422	2.60639878900302e-07	3.79531307153192e-07	0.217531742545285	6.82899100156308	0.0328929970075464	ok
n1000_f3.0_r022	control	1000	831	-37.5673632110418	-37.9837081550933	3.21870620715449	2.95553918432391	1.10383465931437e-06	2.03885665828543e-06	8.85913887660063e-10	0.100216014998321	0.832689888103047	0.659452756941156	ok
n1000_f3.0_r023	driver	1000	950	-77.5434579284364	-88.7209823491488	1.27300326452151	3.15796231559887	1.16732640557627	0.32509166525811	1.10858052619594e-07	0.136963390816026	22.3550488414248	1.39850113362169e-05	ok
n1000_f3.0_r023	control	1000	549	-12.6846552721445	-13.6315316893982	2.83412432314761	3.2319209504783	0.133149041027711	0.433267610848983	4.16823665418768e-09	0.0868181181254711	1.8937528345075	0.387950929680006	ok
n1000_f3.0_r024	driver	1000	943	-110.298602699457	-121.688617995745	1.19499852517518	3.15825529347303	0.50530178569317	0.498208822615625	2.26272925149909e-09	0.117736691656383	22.7800305925754	1.13078283667284e-05	ok
n1000_f3.0_r024	control	1000	789	-98.5789529669867	-98.7583209520778	2.80420466868119	3.05967025383837	0.0155174494168402	0.489033984810693	2.86179722147801e-08	0.0926591500637945	0.358735970182352	0.835798281494286	ok
n1000_f3.0_r025	driver	1000	959	-69.507750720713	-83.6480994588902	0.956413362324663	2.94222784392258	0.32446901156567	4.66366065320232e-06	7.09417479323543e-08	0.0913319055560144	28.2806974763546	7.22644282324968e-07	ok
n1000_f3.0_r025	control	1000	786	-113.126639524953	-113.506052015075	3.18601582568834	2.82694837446171	0.428379547074969	5.73456083752539e-08	2.52192106144305e-10	0.14174471323306	0.758824980244526	0.684263302591876	ok
n1000_f3.0_r026	driver	1000	956	-84.5782283836101	-102.325645209783	0.721437199882788	3.16340824118542	1.39107215297321e-08	0.401663072429319	0.311079229726001	0.103398843840931	35.4948336523468	1.96062621130623e-08	ok
n1000_f3.0_r026	control	1000	894	-125.601172786649	-126.278217520357	2.91750101002557	3.0438762938768	0.937318199730038	0.318741036343523	0.00207583957937416	0.135397605780972	1.35408946741708	0.508116394961517	ok
n1000_f3.0_r027	driver	1000	966	-103.232728465111	-106.168514326226	1.4836070536375	3.21483086012911	5.31095498511997e-09	0.729945694450391	2.91291068970446	0.137535422487505	5.87157172223093	0.053088982341936	ok
n1000_f3.0_r027	control	1000	709	-109.304934453644	-109.433727935736	3.07444278558246	3.15413686498352	0.464010580305095	0.750150489057036	2.18461213702773e-08	0.111291031142835	0.257586964183986	0.879155508155395	ok
n1000_f3.0_r028	driver	1000	944	-123.675008889986	-137.531466556225	1.01394043676653	2.871797839253	7.89945945936733e-07	0.00548748806722411	1.80376192286049e-07	0.10598605631615	27.7129153324788	9.59879898308688e-07	ok
n1000_f3.0_r028	control	1000	642	-111.053417806387	-111.371389103101	2.70957449248942	2.92318650356984	2.67652417160278e-08	0.246156427337098	2.00766721828089e-08	0.11668553561529	0.635942593427814	0.727623673305325	ok
n1000_f3.0_r029	driver	1000	954	-149.188778978635	-169.080426945328	0.546741279743211	3.01633942669241	0.32184313425525	0.450141678330233	1.27382463693537e-07	0.108523740375908	39.7832959333858	2.29703203544085e-09	ok
n1000_f3.0_r029	control	1000	756	-150.916877950871	-151.483687580091	2.8167053225676	2.9012515914486	1.60627118924491e-06	0.492652416534678	4.23689927056951e-08	0.0972155991245745	1.13361925844026	0.567332555688249	ok
n1000_f3.0_r030	driver	1000	946	-150.327875469301	-161.763608181942	1.07562559475793	2.87815657862624	0.167070530995646	0.142977904385378	0.0841232505423232	0.108288419300332	22.8714654252817	1.08025027708358e-05	ok
n1000_f3.0_r030	control	1000	843	-158.250894282676	-159.456334441358	3.46944126137925	2.68955958644797	0.96335142779422	1.05411105093835e-07	1.51560262846244e-08	0.136192274339774	2.41088031736547	0.29956011650437	ok
n1000_f3.0_r031	driver	1000	942	-131.387862028042	-137.895960564375	1.50630668401124	2.79099721892188	0.123524385730165	1.61085160837245e-08	1.10449333898308e-07	0.0895627499533371	13.0161970726648	0.00149131270572603	ok
n1000_f3.0_r031	control	1000	777	-156.105806961147	-156.545925189728	2.55915598313099	2.76226559872853	9.6068387498243e-05	3.86698619960882e-09	1.922188407976e-07	0.121569261305883	0.880236457163392	0.643960282071509	ok
n1000_f3.0_r032	driver	1000	938	-227.100730423474	-237.916635999089	1.4227769499255	2.63979457077468	1.01425507738248	0.00452312611401558	5.91973649296822e-07	0.137629803696057	21.6318111512311	2.00776043484244e-05	ok
n1000_f3.0_r032	control	1000	748	-221.302061220835	-221.920086156759	2.5915928599168	2.71473597175519	4.43112009012069e-09	0.352171321323865	1.3124340382773e-09	0.109925729594306	1.23604987184655	0.539007962247588	ok
n1000_f3.0_r033	driver	1000	958	-122.544493074759	-143.118759339114	0.579096663920149	3.21347974882678	0.51498862350913	0.697043935971014	1.43481959723346e-06	0.103027580973715	41.1485325287098	1.16067249312773e-09	ok
n1000_f3.0_r033	control	1000	825	-166.887922857336	-167.173435396531	3.21525822262541	3.08741534580839	0.51434326668023	0.718530649168839	5.8492464525482e-08	0.126787328998587	0.571025078391074	0.751628916297297	ok
n1000_f3.0_r034	driver	1000	937	-84.8024667892195	-102.923045973294	0.970567349695558	3.08226649423107	0.179151874691813	2.66660731660762e-07	0.0211399053311	0.147355137213598	36.2411583681498	1.34999590603283e-08	ok
n1000_f3.0_r034	control	1000	833	-83.2550254458328	-84.6658133578174	3.78045578128575	2.92968312902032	1.24740225072239	3.58569793880839e-06	1.64520458686282e-06	0.137031168391129	2.82157582396923	0.2439509954975	ok
n1000_f3.0_r035	driver	1000	935	-132.084842246445	-155.111995090801	0.916099682176863	3.22275545293203	0.19512501502594	0.539217900315356	6.06766369647634e-07	0.123731367411131	46.0543056887124	9.98698932707154e-11	ok
n1000_f3.0_r035	control	1000	0	NA	NA	NA	NA	NA	NA	NA	NA	NA	NA	skipped_invariant
n1000_f3.0_r036	driver	1000	928	-211.920255016585	-223.701823391899	1.52895423070766	2.96231407597139	1.30845398765043	0.40415975695054	8.83315056115509e-09	0.169975678142225	23.5631367506276	7.64416172025742e-06	ok
n1000_f3.0_r036	control	1000	854	-188.233388202802	-188.563643152217	3.14706690620735	2.80802517302921	1.050269188166	0.301773773188534	3.85939603693325e-09	0.126915696153937	0.660509898828764	0.718740467609852	ok
n1000_f3.0_r037	driver	1000	939	-231.241400841814	-256.950120294519	0.66952817314023	2.68342242859946	1.32639231924087e-05	0.104044933866374	4.26471343484919e-07	0.109242826590647	51.41743890541	6.83667609995604e-12	ok
n1000_f3.0_r037	control	1000	864	-266.260026399925	-267.639765824982	3.00457005187894	2.52578066465662	1.43373335794124	0.0152695056539965	5.41374392761138e-08	0.154733026482427	2.75947885011249	0.251644116668816	ok
n1000_f3.0_r038	driver	1000	939	-91.1589914473625	-112.248947915883	0.998020677097044	3.22749184069072	5.64073127627924e-06	0.582980753446238	1.39188689700444e-07	0.0886382959306712	42.1799129370408	6.93024011631223e-10	ok
n1000_f3.0_r038	control	1000	755	-114.853623354716	-115.90308832695	3.15427456635575	2.96739454004755	0.198098665566122	0.506276042283166	5.81474198961868e-09	0.101811655353446	2.0989299444681	0.350125025617883	ok
n1000_f3.0_r039	driver	1000	946	-179.764138907578	-190.359781818564	1.56694420547632	3.23676385372701	2.10339157167276	0.938239806579355	2.26145320617413e-08	0.154532063438568	21.191285821973	2.50248078531944e-05	ok
n1000_f3.0_r039	control	1000	483	-130.571557212102	-133.663495384493	2.77556310032814	3.59876454039058	0.612003073547572	1.38462569778216	4.79785935072309e-12	0.141453098893328	6.1838763447833	0.0454138491819642	ok
n1000_f3.0_r040	driver	1000	922	-214.404859032742	-238.846104933784	0.899846102178277	3.021343285882	7.382427201032e-08	0.526114943062735	4.98608189489069e-07	0.124083237070589	48.8824918020848	2.42829683797474e-11	ok
n1000_f3.0_r040	control	1000	808	-243.937282183091	-244.462331880484	3.0820213012727	2.73662468263079	1.07431424979519	0.260163194292248	2.00334408496694e-08	0.168352972243019	1.05009939478532	0.591525966338101	ok
n1000_f3.0_r041	driver	1000	929	-134.375939330001	-146.460136003313	1.46895673001575	3.01626400467173	0.324516726702463	0.407940664065337	4.9637094740839e-07	0.0929366341762509	24.1683933466231	5.64806994787335e-06	ok
n1000_f3.0_r041	control	1000	809	-172.853970353044	-173.789909582136	3.11013653240377	2.85589291380293	0.182591135109193	0.428102074625962	9.66751637737557e-10	0.110716474791021	1.87187845818403	0.392217310571361	ok
n1000_f3.0_r042	driver	1000	939	-145.879347978209	-164.535453823868	0.860417188664165	2.95116537367105	1.63691772433046e-07	0.193515678824662	2.40691188862528e-06	0.11769068393093	37.312211691318	7.90234848033829e-09	ok
n1000_f3.0_r042	control	1000	860	-177.542759733554	-178.886583966371	3.34192453894485	2.75323201797506	1.46206700422878	4.1057303335171e-05	1.75399186936918e-06	0.162776735775704	2.68764846563346	0.260846222057773	ok
n1000_f3.0_r043	driver	1000	926	-207.751812646692	-227.169471164171	1.08961988620629	2.77728854119051	1.34671442508526e-05	0.300959908360991	8.33308776960736e-09	0.0808227486530366	38.8353170349579	3.68992937929716e-09	ok
n1000_f3.0_r043	control	1000	870	-243.796192351898	-244.232226057392	2.33097160935786	2.72088271042266	0.0704538364399257	0.440032247196129	9.00802200701052e-10	0.0910183925378725	0.872067410987995	0.646595931732854	ok
n1000_f3.0_r044	driver	1000	943	-154.345620934169	-167.92570889571	1.14524440639945	3.17506861552297	0.672671518498724	0.707899959909773	1.10044109287048e-08	0.115879345908666	27.1601759230807	1.26544342761965e-06	ok
n1000_f3.0_r044	control	1000	801	-145.882476316666	-147.52070546757	3.27835154142343	2.95230918625759	0.277616914774099	0.616615971443823	5.0490634862577e-08	0.0984738154886634	3.27645830180887	0.194323856004595	ok
n1000_f3.0_r045	driver	1000	947	-80.138116088467	-88.1225718274716	1.86382632650317	3.20311648073163	1.34398819626013	0.466344294730243	1.32710514369712e-08	0.11691276611555	15.9689114780092	0.000340717885274974	ok
n1000_f3.0_r045	control	1000	900	-79.303882816263	-83.8453220357457	2.07871806922947	3.30964770729485	1.63251001235265e-06	0.671787551016424	1.01247372876628e-06	0.0941616191219323	9.08287843896534	0.0106580562277583	ok
n1000_f3.0_r046	driver	1000	952	-137.278369792461	-149.840288630059	0.953226713648982	2.95202770314555	1.82066481027606e-06	0.352530680108487	2.07615435706916e-07	0.0828645403768821	25.1238376751951	3.50290183383368e-06	ok
n1000_f3.0_r046	control	1000	754	-117.463797216868	-119.466513064847	2.55772898743354	2.91716389186975	0.336898513453642	0.255992924986159	6.81601373616354e-09	0.0845805962541276	4.00543169595915	0.134968231834583	ok
n1000_f3.0_r047	driver	1000	929	-181.730513863504	-204.164619931058	0.945447634001187	2.86624015001154	4.50047151656694e-06	0.169101344229481	2.46858919274253e-09	0.115020366242392	44.8682121351087	1.8071388746885e-10	ok
n1000_f3.0_r047	control	1000	894	-212.448104422661	-214.899873320021	2.62890235287551	2.68612225143076	1.2406110629198	3.97344815228896e-06	4.72617173817382e-08	0.153951597163796	4.90353779472099	0.0861410769286396	ok
n1000_f3.0_r048	driver	1000	930	-172.258888089542	-197.837832755922	0.77908542336314	3.05149471320454	0.0427426316785187	0.378199240858546	1.29169803601529e-07	0.135593284342783	51.157889332761	7.78404751885213e-12	ok
n1000_f3.0_r048	control	1000	749	-139.762704190991	-140.759890311713	2.58775656569289	3.03890218183791	7.52647855961639e-08	0.585220961885661	1.03324273384547e-09	0.102171415310178	1.99437224144498	0.368916067293966	ok
n1000_f3.0_r049	driver	1000	949	-87.3758671273598	-104.01481638189	0.77803737811464	3.24397493865663	1.90264042490591e-06	0.517269955469422	0.191572387233281	0.111973512705842	33.2778985090599	5.94013279640871e-08	ok
n1000_f3.0_r049	control	1000	810	-120.566866794127	-120.736937057214	3.30335294997509	3.015001815442	0.796431496936595	0.305816603145483	0.0163230337738128	0.147751913736366	0.340140526174139	0.843605540184414	ok
n1000_f3.0_r050	driver	1000	952	-88.9079401507108	-101.671393390357	0.983112924611759	3.09892112494183	0.34273718471226	0.311110779994652	4.60541573470844e-07	0.105678745584381	25.526906479293	2.86353626779154e-06	ok
n1000_f3.0_r050	control	1000	486	-41.8407968583761	-45.1916600270268	3.31428698822106	2.63854839214541	0.413560022348001	4.64626174201496e-08	1.66841676091173e-10	0.118702219531973	6.70172633730145	0.035054083452471	ok
n1000_f3.0_r051	driver	1000	945	-60.4077660051862	-72.3306271733534	1.42673101778128	3.53993520476884	0.805859502527784	0.994275504287418	5.38412866909139e-07	0.106002622978956	23.8457223363344	6.63692922097551e-06	ok
n1000_f3.0_r051	control	1000	836	-106.193032910708	-109.231958956864	4.67138157612796	3.23667832971673	3.1017130550012	0.626054076605553	1.1345412883007e-08	0.196824677322012	6.07785209231105	0.047886289553376	ok
n1000_f3.0_r052	driver	1000	949	-93.2646472576746	-101.303642845993	1.40927163845016	2.94939944819853	0.509554683495837	0.0988464240944615	1.00359670730193e-07	0.10120859737038	16.0779911766373	0.000322632843627497	ok
n1000_f3.0_r052	control	1000	857	-124.093340306542	-124.395714370399	2.68489459071218	2.94702521880843	3.22343171998644e-09	0.21580905311269	1.38170049929656e-07	0.114319342708133	0.604748127714714	0.739061556960124	ok
n1000_f3.0_r053	driver	1000	956	-218.965866034313	-232.192847303152	0.767190630717682	2.68198996893158	0.886022167117895	0.18257732591628	1.81412910156512e-06	0.11526336687726	26.4539625376771	1.80133722006708e-06	ok
n1000_f3.0_r053	control	1000	706	-213.996498023357	-215.253352868729	3.03355222177747	2.48141426695509	0.829982663195651	6.48749729558628e-05	4.15586684083036e-07	0.119348671602245	2.51370969074412	0.28454756669842	ok
n1000_f3.0_r054	driver	1000	946	-164.595930731181	-182.565903665902	0.712236766970098	2.78654550328652	1.16361459352576e-06	5.30240551087824e-07	3.38807691436507e-07	0.115034558324226	35.9399458694411	1.56942264428352e-08	ok
n1000_f3.0_r054	control	1000	753	-201.747118305565	-202.248528583051	2.79394583013993	2.71779353694809	0.463452121392972	4.73001312738672e-09	1.52885625491087e-07	0.165087195231822	1.00282055497195	0.605675886054381	ok
n1000_f3.0_r055	driver	1000	951	-117.728738986877	-127.792568155274	1.07063204611423	2.8815383871754	8.48110228328138e-08	0.0911790891067668	4.66976181085753e-06	0.0914900526799604	20.1276583367926	4.25926366425146e-05	ok
n1000_f3.0_r055	control	1000	788	-158.364891226487	-158.802157482526	2.59197103741972	2.83389341379399	5.19108256326988e-07	0.0729855629822096	8.27388705795371e-07	0.127621933852635	0.87453251207711	0.645799460511439	ok
n1000_f3.0_r056	driver	1000	944	-95.2640592554847	-116.139252738261	0.805965372751671	3.41905313636126	1.07604069153322e-07	0.880576966650694	5.01741212642291e-09	0.0996951816014932	41.7503869655525	8.59050434373886e-10	ok
n1000_f3.0_r056	control	1000	876	-115.22405021204	-117.866329102643	2.85765927727542	3.29517697467184	1.27753294631374	0.750109357867554	7.18728607057124e-08	0.133053298573393	5.28455778120633	0.0711988301908362	ok
n1000_f3.0_r057	driver	1000	924	-179.613090884989	-195.672625893492	1.35968560161407	3.22530685199743	0.725252616009196	0.756415986746093	2.89461857976395e-09	0.138618144481957	32.1190700170068	1.06030928350293e-07	ok
n1000_f3.0_r057	control	1000	884	-183.707683140878	-185.009030494451	3.5558983868619	3.04275317325653	2.23590818687253	0.610986964316131	1.2947486809863e-08	0.162065544044086	2.60269470714707	0.272164843609588	ok
n1000_f3.0_r058	driver	1000	944	-66.8069503513934	-82.1017010099826	1.07373569545439	3.42951718287349	0.941044912329653	0.689196947666283	9.01068740138527e-08	0.146887061536803	30.5895013171784	2.27810735861965e-07	ok
n1000_f3.0_r058	control	1000	605	-24.4461768348837	-24.7092194721644	3.4299299634289	3.15895565461334	0.76690629010848	0.482986085939014	1.80121210064037e-10	0.11793580676836	0.526085274561503	0.768709120945812	ok
n1000_f3.0_r059	driver	1000	962	-93.2927430338428	-112.833717063758	0.462629960760383	3.36007092167484	0.680351611229848	0.872039057725733	8.55557135416579e-08	0.10309424613545	39.0819480598313	3.26184115370547e-09	ok
n1000_f3.0_r059	control	1000	673	-97.414710811263	-97.5041094975765	3.31815452947404	3.22884660096483	1.04203422404749	0.790236993553596	5.18606111762437e-08	0.122203777539043	0.178797372626917	0.914480909863385	ok
n1000_f3.0_r060	driver	1000	956	-95.4242591307818	-114.418943917405	0.615316746090445	3.07019626112544	9.59600390295631e-07	0.276117950634081	0.222190504131674	0.105867984666607	37.9893695732473	5.63265578019823e-09	ok
n1000_f3.0_r060	control	1000	856	-142.493670806569	-143.076328854751	3.13996127498922	2.92576677936821	1.0352042269139	0.153732966458693	3.31052656327631e-08	0.15594933921399	1.16531609636257	0.558412105881764	ok
n1000_f3.0_r061	driver	1000	905	-235.899894717969	-264.286683287119	1.05304408691438	2.78721732060593	0.161684580757144	0.110475452685645	2.26913000485444e-07	0.142546763258605	56.7735771382983	4.69650041949623e-13	ok
n1000_f3.0_r061	control	1000	907	-236.612566537809	-238.120511063248	2.3731515059038	2.74400872424734	0.824627365861257	0.344651325217798	0.179210625030724	0.116079951555979	3.01588905087817	0.221364519788874	ok
n1000_f3.0_r062	driver	1000	939	-120.887491735977	-126.565069093175	1.80678264736419	2.84407664258299	0.735027720101003	2.25891199726097e-06	4.2128640985526e-08	0.1104560395097	11.3551547143955	0.00342183830170828	ok
n1000_f3.0_r062	control	1000	752	-135.256819959619	-135.461307038254	2.79706455323415	2.87362184419349	4.20724854568849e-07	0.21704346805991	4.42601863404071e-10	0.126216804372406	0.408974157269824	0.815065273605437	ok
n1000_f3.0_r063	driver	1000	939	-221.173743846792	-237.72900530856	1.06384158635183	2.85863462882262	1.33939757900844	0.292163765799918	2.06943885575795e-08	0.174044057242602	33.1105229235359	6.45864331244018e-08	ok
n1000_f3.0_r063	control	1000	870	-183.578971306729	-184.332333130427	3.14746108046237	2.70008235280265	0.395942062260529	0.270870491836365	1.07040468181507e-08	0.0931872946754564	1.50672364739575	0.470781205991178	ok
n1000_f3.0_r064	driver	1000	923	-237.044185862553	-251.941983042646	1.47644676107672	2.86709800671228	1.51983355169509	0.255462354833538	3.00845924934001e-08	0.204920578590912	29.7955943601871	3.38819886136196e-07	ok
n1000_f3.0_r064	control	1000	834	-202.993273098964	-203.462030335384	3.07004519685614	2.71076883343052	0.465959436516086	0.251537630329607	7.69086063840132e-09	0.120465820313943	0.937514472840746	0.62577948118482	ok
n1000_f3.0_r065	driver	1000	924	-184.190892605603	-195.991799908039	1.27100159246087	2.7821364724769	1.51905260570939e-08	0.000105727640857236	3.42396805253148e-06	0.123501738535882	23.6018146048717	7.49775209933394e-06	ok
n1000_f3.0_r065	control	1000	892	-169.224138278877	-171.514711334305	3.87171076228423	2.67951585035269	2.20829000570077	1.38611552550981e-07	4.86726875348769e-08	0.139833114939131	4.58114611085517	0.101208447182684	ok
n1000_f3.0_r066	driver	1000	927	-242.307367570632	-261.551052187139	0.908626720971839	2.77618021308186	0.253415725017229	0.188182371321064	7.76123220473488e-09	0.143522594521945	38.4873692330149	4.39110639021032e-09	ok
n1000_f3.0_r066	control	1000	710	-228.075181757631	-228.564909018516	2.67558547197345	2.64043808765611	8.68216654159803e-08	0.24967817611289	1.93327502651736e-08	0.12631618075355	0.979454521771515	0.612793504152204	ok
n1000_f3.0_r067	driver	1000	931	-174.022367615202	-191.57100855637	1.15679579776802	2.99707307068552	0.802374497665904	0.247095369040102	1.76033198291689e-08	0.165379406442614	35.0972818823345	2.39178465003309e-08	ok
n1000_f3.0_r067	control	1000	843	-138.382114599981	-140.138077898295	3.79202952978304	2.75463310982838	1.54695217625271	0.0778574491353121	6.05813047613696e-10	0.127106853007955	3.5119265966274	0.172740761235124	ok
n1000_f3.0_r068	driver	1000	921	-128.010431153857	-135.91854041934	1.69705316340773	2.94260970429705	0.45656853614938	8.15775525251075e-08	1.44175085658287e-07	0.146274868231852	15.8162185309644	0.000367749239861726	ok
n1000_f3.0_r068	control	1000	880	-69.8638606278145	-70.5336490515118	3.19885511759141	2.81316756211278	2.73189272838111e-05	4.0175230004283e-07	1.80287150914275e-07	0.0723956107313203	1.33957684739457	0.511816854649504	ok
n1000_f3.0_r069	driver	1000	947	-150.635219031753	-164.819192127746	0.96274405354867	2.99915546994121	0.252376968117704	0.342444756481453	0.198685423352251	0.115743883975687	28.3679461919853	6.91797125196978e-07	ok
n1000_f3.0_r069	control	1000	737	-189.883604427028	-191.100218842718	2.79357074166322	3.03417555314376	1.35839638612923e-08	0.628885418159835	2.47173390695461e-07	0.143538524952161	2.43322883138103	0.296231387446737	ok
n1000_f3.0_r070	driver	1000	958	-127.095101202936	-145.175196649899	0.528960040764319	3.03880097686896	2.86620262688288e-07	0.412677455848965	0.379198631349642	0.105078056862224	36.1601908939266	1.40577014285337e-08	ok
n1000_f3.0_r070	control	1000	751	-153.583282566515	-155.112849781926	2.99941420795049	2.89803061006687	2.12699295095842e-07	0.455741086514731	4.98698776374604e-07	0.121607468225276	3.05913443082073	0.216629400897689	ok
n1000_f3.0_r071	driver	1000	924	-202.994582752693	-236.985907999042	0.986197606757817	3.01584652389138	0.498912900974116	0.417508971241644	0.0999324651470297	0.13772365392236	67.9826504926986	1.72884083880254e-15	ok
n1000_f3.0_r071	control	1000	888	-207.781793689825	-207.857003002252	2.76013521804454	2.9667860267601	0.341127554780863	0.761663240341525	1.69613102090617e-07	0.0906323377680499	0.150418624852534	0.927549318410064	ok
n1000_f3.0_r072	driver	1000	947	-121.486475199079	-137.334433779375	0.815354880819606	2.88129586308989	1.22315220948538e-05	1.35673695957729e-07	6.33364950035624e-08	0.112296139172395	31.6959171605914	1.31014402073513e-07	ok
n1000_f3.0_r072	control	1000	928	-142.20110519402	-149.286138029938	1.67180143871747	2.86307946175661	0.465955390015034	1.22114567760056e-05	7.11917655359492e-06	0.129070579710852	14.1700656718365	0.000837547285200264	ok
n1000_f3.0_r073	driver	1000	930	-177.777002359701	-190.767215847834	1.29514241721198	2.86304667330283	0.736254750010472	5.15205700537853e-07	1.27653582908775e-05	0.164193416244282	25.9804269762671	2.28255874396051e-06	ok
n1000_f3.0_r073	control	1000	714	-167.437899166441	-168.227884455571	3.13602825002152	2.75498894433989	0.742573634819184	2.16263041287525e-06	3.18818114150137e-09	0.179092798200199	1.5799705782585	0.453851471783589	ok
n1000_f3.0_r074	driver	1000	0	NA	NA	NA	NA	NA	NA	NA	NA	NA	NA	skipped_invariant
n1000_f3.0_r074	control	1000	494	-1394.76607221134	-1394.98334007957	1.18924714937498	1.11535152630991	0.625062569326055	0.487393515731264	8.62510530480872e-09	0.126548219954872	0.434535736461839	0.804714383013758	ok
n1000_f3.0_r075	driver	1000	940	-116.584949159631	-123.508170019309	1.79689326891162	2.88748491936146	1.23138879028246	3.716433261571e-08	1.19121704566469e-08	0.141162372955177	13.8464417193555	0.00098465339725349	ok
n1000_f3.0_r075	control	1000	828	-155.437810468451	-155.698084094902	3.04347602307329	2.78535295175839	0.146458969644968	2.13543947761376e-06	1.4382892661239e-06	0.146525660163135	0.52054725290111	0.770840634557185	ok
n1000_f3.0_r076	driver	1000	930	-192.915528095114	-208.802526638029	1.10415244381042	2.7880852801282	0.618988344109688	6.40049374177707e-06	4.08217642732357e-09	0.161978281376639	31.7739970858296	1.25998158785546e-07	ok
n1000_f3.0_r076	control	1000	783	-186.406879689662	-186.411832141981	2.65306769410197	2.68007587604695	2.11599701844752e-08	0.0188129570122021	2.29169573772654e-10	0.124487883018766	0.00990490463897231	0.995059790852921	ok
n1000_f3.0_r077	driver	1000	958	-79.5775258214034	-93.0582596009014	0.786709925635735	3.1704067788501	7.57726808058907e-07	0.371562796507673	0.940105845238884	0.123462833688746	26.9614675589959	1.3976283696513e-06	ok
n1000_f3.0_r077	control	1000	96	29.6285419717488	27.7306937048101	3.09893953141676	2.69759439336367	0.301211716350289	0.582722250945054	1.84124085616419e-10	0.192105942277484	3.79569653387735	0.149890797462032	ok
n1000_f3.0_r078	driver	1000	941	-132.316238018303	-140.89058332372	1.41891040228992	3.08656152132387	0.470329780360515	0.503249519922151	3.22970414895921e-10	0.105199598865189	17.1486906108338	0.00018889007886228	ok
n1000_f3.0_r078	control	1000	922	-123.746995871251	-125.34727129377	2.66859162647863	2.99291171708026	1.1750832756913	0.397260437234857	3.8688669472702e-10	0.10327803027788	3.20055084503912	0.201840918803965	ok
n1000_f3.0_r079	driver	1000	941	-68.8524363465687	-76.1047057668027	2.34247563408829	3.07440944282087	2.13218592306487	0.067393136892085	1.73262827907545e-07	0.165148766179353	14.5045388404679	0.000708564532126496	ok
n1000_f3.0_r079	control	1000	898	-56.5947695060926	-60.8130433833296	2.53647598602114	3.09258537099541	0.850779371036294	0.0941058479302999	9.75822143829759e-10	0.127966471311662	8.43654775447413	0.0147240380796747	ok
n1000_f3.0_r080	driver	1000	945	-193.876246244951	-201.593308355035	1.63303968932792	2.80054359448307	1.76654039690708	0.123955610241049	0.437731922590237	0.181812467924573	15.434124220169	0.000445166534896405	ok
n1000_f3.0_r080	control	1000	522	-133.541944880658	-133.740495095365	2.71215590785494	2.79682062741492	0.0553152869520371	0.355500074720505	4.16662195262012e-08	0.118582306369193	0.39710042941249	0.819918597735138	ok
n1000_f3.0_r081	driver	1000	945	-172.049093069963	-187.33901198418	0.880737022048459	2.8279496116939	1.31815201180299	0.0069748423289549	1.24583133112498e-08	0.17894274352256	30.5798378284334	2.28914122597677e-07	ok
n1000_f3.0_r081	control	1000	699	-169.865211015845	-171.220927815167	2.91754118050615	2.8280857910681	3.8550602288611e-06	0.34645755893106	6.0690044474882e-10	0.139057934739342	2.71143359864487	0.257762464256931	ok
n1000_f3.0_r082	driver	1000	954	-74.3096222018994	-89.2329553106171	0.895856509244525	3.10143367037545	0.281146842381866	0.242820126366944	6.22080108035564e-09	0.10374612479081	29.8466662174355	3.30277340820546e-07	ok
n1000_f3.0_r082	control	1000	903	-80.1060347288405	-82.450557870228	2.2516314144873	3.07229809610708	0.0456395529687847	0.26181186416625	3.09874061414987e-08	0.0979097200959561	4.68904628277497	0.0958929185935985	ok
n1000_f3.0_r083	driver	1000	950	-124.425655870485	-138.360930204975	0.911684341965505	3.08980026107724	0.0357437504819573	0.519259095585572	6.26108925346159e-07	0.0894817855733668	27.870548668979	8.87129972892282e-07	ok
n1000_f3.0_r083	control	1000	877	-169.999945546758	-170.02077110302	2.99756642843271	2.94744911146654	0.383277858311346	0.439517117565328	1.02107251197239e-08	0.118128314199276	0.0416511125243915	0.979389798085753	ok
n1000_f3.0_r084	driver	1000	966	-106.362256047948	-120.264673006973	0.5066977952593	2.89390355818419	1.73608024483945e-06	0.153100181398678	0.233816912453306	0.0849037465461178	27.8048339180487	9.16762899653063e-07	ok
n1000_f3.0_r084	control	1000	876	-187.099359236363	-187.611464478877	3.25547799890167	2.75966364920599	1.19303315349436	0.0197907660024324	2.40806245923166e-08	0.167051222762782	1.02421048502907	0.599232719768654	ok
n1000_f3.0_r085	driver	1000	947	-164.470538104867	-176.273132172306	1.22539735213689	2.88102222779687	0.848540112038865	0.185576473989794	6.56771793682868e-08	0.123703761563134	23.6051881348789	7.48511581370557e-06	ok
n1000_f3.0_r085	control	1000	904	-152.230531853909	-153.165340821398	2.39701629974449	2.85756386707211	0.244978341123433	0.248263184778846	1.17604644147182e-09	0.094448375801108	1.86961793497761	0.392660869359127	ok
n1000_f3.0_r086	driver	1000	926	-113.810275278636	-142.840868400045	0.92935525845403	3.29537655788923	1.50985286876013e-08	0.66207136628201	1.23827471093625e-09	0.104775364272575	58.0611862428179	2.46702528679671e-13	ok
n1000_f3.0_r086	control	1000	715	-123.188282235452	-123.633882500803	3.21972744985032	3.15146289737228	1.13162998740963	0.709077065296177	3.65319040749978e-08	0.127267665657535	0.891200530702122	0.640439726850619	ok
n1000_f3.0_r087	driver	1000	966	-36.4500173456556	-47.8219997964287	0.983838112871975	3.33652275121545	1.01094586926108	0.666836956767188	9.30737850565535e-07	0.0919447946818115	22.7439649015462	1.15135903499623e-05	ok
n1000_f3.0_r087	control	1000	884	-59.9046296549453	-61.0645134183179	2.7476095479799	3.33027265587894	0.510179896242343	0.707612236327106	1.94257369880064e-06	0.0874549333984557	2.31976752674505	0.313522621576861	ok
n1000_f3.0_r088	driver	1000	915	-183.343457148835	-206.766608866809	1.07086255864879	3.14509258533276	3.55918336213671e-06	0.665505628962083	8.17411141677394e-07	0.115450112637022	46.8463034359472	6.72131826014621e-11	ok
n1000_f3.0_r088	control	1000	799	-231.555499036045	-233.465676897756	3.13732406600298	2.81915853334477	1.45387608807713	0.262898370725686	7.85388319191655e-09	0.194837647595835	3.8203557234234	0.14805405110654	ok
n1000_f3.0_r089	driver	1000	0	NA	NA	NA	NA	NA	NA	NA	NA	NA	NA	skipped_invariant
n1000_f3.0_r089	control	1000	247	-1244.49708166445	-1245.8318511781	0.958321465939145	0.986948614576808	0.0815213665529877	0.30025435564865	2.13482813592232e-10	0.112951244647248	2.66953902729711	0.263218836814282	ok
n1000_f3.0_r090	driver	1000	930	-188.144085143702	-203.181664003587	1.53784911709604	2.89638918848997	2.02887387784372	0.0747477454559673	4.85137242860448e-09	0.23242493876703	30.075157719769	2.94620172846269e-07	ok
n1000_f3.0_r090	control	1000	860	-167.350757446743	-167.377800488069	2.90691621274354	2.80728592075618	0.376707118329291	0.137752192069481	1.67678223726481e-07	0.128993602350137	0.0540860826514518	0.973319347667681	ok
n1000_f3.0_r091	driver	1000	950	-76.5308893578943	-88.9643804543206	1.09520950617844	3.31393172969422	0.0363030795880987	0.721175773245094	0.219520392021029	0.0890661678334649	24.8669821928526	3.98293689917898e-06	ok
n1000_f3.0_r091	control	1000	794	-79.1811174717076	-79.9984002983922	2.73933505008297	3.31254553904598	1.26689465588374e-07	0.865756359413689	2.65776971366137e-08	0.0811328063308883	1.63456565336912	0.441630010978721	ok
n1000_f3.0_r092	driver	1000	948	-93.7651878983344	-107.875323242303	1.0527356785464	3.19369035611089	0.3108385584144	0.425564815528772	0.121168659201717	0.112694805612547	28.220270687937	7.44810998554014e-07	ok
n1000_f3.0_r092	control	1000	832	-84.658585142283	-84.9744932627641	3.37084501306291	3.02792587140314	0.623519448608237	0.361338727879655	1.14501441436995e-07	0.110904270469403	0.631816240962252	0.729126438876534	ok
n1000_f3.0_r093	driver	1000	935	-161.052989834724	-185.278960931047	0.773729526649725	3.19744163752148	1.79756207039175e-07	0.69526748926108	4.22099351478216e-10	0.11317154295847	48.4519421926452	3.0115802066796e-11	ok
n1000_f3.0_r093	control	1000	823	-199.547422483852	-200.229262859544	2.74561235139369	3.07438591476529	0.623484899948932	0.662795328036097	2.14094010017008e-08	0.145475316439792	1.36368075138392	0.505685484193121	ok
n1000_f3.0_r094	driver	1000	951	-100.574405070933	-112.914948042827	1.49258102430487	3.3597362877557	1.41833772735638	0.816522387054288	5.43403931621454e-07	0.120926335915898	24.6810859437888	4.37089409277788e-06	ok
n1000_f3.0_r094	control	1000	847	-95.1933386067037	-95.8517648704532	3.54599719445786	3.28050583831469	1.66731500491284	0.800591573454736	1.17802802734164e-08	0.117898791979536	1.31685252749907	0.517665362537609	ok
n1000_f3.0_r095	driver	1000	950	-65.5041141576438	-81.9578359121163	0.934009756142634	3.29933429617493	0.292943334004523	0.507618580007352	0.117055553444294	0.111603513801268	32.907443508945	7.14890350841895e-08	ok
n1000_f3.0_r095	control	1000	740	-98.879627138958	-100.709629294005	2.7013668707249	3.43160427516572	1.25967532748215e-07	0.858836232051297	2.53376760289796e-09	0.133581610933288	3.66000431009459	0.16041322207672	ok
n1000_f3.0_r096	driver	1000	940	-169.607059661627	-192.544819493118	0.807571892504349	3.11201311918883	0.0806748338442113	0.654532359461953	7.18060528027144e-08	0.0979572574526484	45.8755196629818	1.09208760498433e-10	ok
n1000_f3.0_r096	control	1000	778	-203.267577887579	-203.677262806071	3.03113502038018	3.00037083545464	1.06651425877748	0.654967344882007	6.33335557235123e-09	0.138563265619453	0.819369836985288	0.663859387003339	ok
n1000_f3.0_r097	driver	1000	929	-156.362314805291	-170.933942282399	1.44663624447744	2.96493729805122	0.928303893527008	0.174159967081698	7.33786731248276e-08	0.157759476242579	29.1432549542163	4.69485943939096e-07	ok
n1000_f3.0_r097	control	1000	681	-143.550196191424	-144.788584661901	2.64047523321682	3.03247334174339	0.193365801088666	0.374085629041114	5.47750756794811e-10	0.13975250172912	2.47677694095472	0.289850945120953	ok
n1000_f3.0_r098	driver	1000	919	-217.124132080917	-239.671163857587	1.02715233451716	3.13724419447111	0.15234440047446	0.775531090137692	2.35371627781585e-09	0.115225537599353	45.0940635533391	1.61416719230396e-10	ok
n1000_f3.0_r098	control	1000	339	-158.948080258432	-158.973737028831	3.01400123057927	2.96863788832115	0.86833131824555	0.749447665355728	5.80519298561067e-11	0.195227173457775	0.051313540797139	0.974669567651315	ok
n1000_f3.0_r099	driver	1000	940	-147.356428635454	-165.31326864141	0.934690851864356	3.25646651165315	0.435825452622396	0.701259463347445	0.226988590476221	0.138987587839977	35.9136800119119	1.59016969666022e-08	ok
n1000_f3.0_r099	control	1000	784	-174.734241481592	-176.557577539422	3.33858551148324	2.9921017099153	0.18987722288597	0.588726341449103	6.5357015208662e-09	0.137583584577354	3.64667211566064	0.161486124272111	ok
n1000_f5.0_r000	driver	1000	981	479.192338000203	473.884519712598	1.09283152490952	4.91498177392248	1.81184544726337	0.154225305750375	1.37216670713808	0.131168905985025	10.6156365752109	0.0049527203504725	ok
n1000_f5.0_r000	control	1000	950	455.192225582906	453.775381990856	4.25242068998507	4.88728819972986	1.78394793388023	0.136649291437883	3.2609360135058e-10	0.133410596025736	2.83368718410054	0.242478170297032	ok
n1000_f5.0_r001	driver	1000	961	461.866136147619	448.30034247303	0.904474660135652	5.58029536350295	6.60479781138083e-08	0.868076381678862	2.52632860973513	0.251533722039948	27.1315873491768	1.28366193920216e-06	ok
n1000_f5.0_r001	control	1000	934	515.748146858735	515.448479304784	4.91339958857028	5.42219535210186	9.52471800932131e-07	0.893941833890121	8.25545931083713e-08	0.0769203401257771	0.59933510790097	0.741064543714883	ok
n1000_f5.0_r002	driver	1000	976	433.404705366835	425.425474818849	1.38008893846834	4.74408499543476	2.01848454060947	0.130775707596347	4.90112435911652e-07	0.127069637377071	15.9584610959719	0.000342502860666497	ok
n1000_f5.0_r002	control	1000	890	447.585743489912	446.750674157087	4.10507816086679	4.85608163115407	9.40329640941031e-06	0.407238052136336	8.96735631799129e-07	0.079240605555697	1.67013866565003	0.433844400732293	ok
n1000_f5.0_r003	driver	1000	969	456.98173463255	433.658526126592	0.533073389177129	5.53964953610396	4.24532671073535e-07	1.30269992672519	2.02133502839354e-09	0.113092498818678	46.6464170119167	7.4277836514025e-11	ok
n1000_f5.0_r003	control	1000	0	NA	NA	NA	NA	NA	NA	NA	NA	NA	NA	skipped_invariant
n1000_f5.0_r004	driver	1000	980	504.828093759819	499.120159493325	1.83508289137013	5.57966433214383	3.23304549476443	1.24890184571895	4.87002048759437e-07	0.112178457072744	11.415868532989	0.00331952271644721	ok
n1000_f5.0_r004	control	1000	881	481.933626966311	481.257669328502	4.51680929745911	5.61952105135367	0.00697813408291524	1.37482850366151	6.42738992008282e-08	0.0970726178464842	1.35191527561699	0.508669066560313	ok
n1000_f5.0_r005	driver	1000	0	NA	NA	NA	NA	NA	NA	NA	NA	NA	NA	skipped_invariant
n1000_f5.0_r005	control	1000	253	-1356.92509198891	-1357.06424496952	0.892920944602529	0.940471083786003	0.144681975296791	0.25170318078878	3.40535119766939e-10	0.143531921342197	0.278305961220212	0.87009491062601	ok
n1000_f5.0_r006	driver	1000	979	528.41225023028	519.261801961043	0.932565909646609	5.04722566703997	2.72813744252899e-05	1.21382505522302e-07	1.28938277928156e-05	0.0864330952826701	18.300896538474	0.000106172198347117	ok
n1000_f5.0_r006	control	1000	953	504.899193723906	503.595895872019	3.68761504244974	5.00978884527008	1.73723908101532e-07	3.37882623881008e-09	1.31534228560865e-08	0.0984871007282084	2.60659570377504	0.271634503922471	ok
n1000_f5.0_r007	driver	1000	950	395.162478112725	362.919724189991	0.804117718323619	5.20348896325589	1.53478406123939e-05	0.694855818311233	3.25187354467103e-06	0.17419524304206	64.485507845467	9.93458866149806e-15	ok
n1000_f5.0_r007	control	1000	941	428.04674389737	428.04581198046	5.0229427553507	5.07783992629057	0.883114917032231	0.978955137950284	1.33389857758943e-07	0.0860691412518046	0.00186383381958422	0.999068517189913	ok
n1000_f5.0_r008	driver	1000	972	419.627756593593	405.148792033167	1.98107938100088e-06	5.05791840559919	2.16626305732089e-05	0.565187014498858	2.62423880693261	0.206948943870959	28.9579291208522	5.15069208215985e-07	ok
n1000_f5.0_r008	control	1000	953	409.690583454602	408.871734624864	5.23023270977577	4.91604203664046	3.35093465590969	0.488788483383334	1.18248427883832	0.177865808869864	1.63769765947609	0.440938958269571	ok
n1000_f5.0_r009	driver	1000	972	453.27122468981	445.730414221709	1.37765754468953	5.35560876807649	3.39074121122741	0.954163970122172	2.52389616116042e-06	0.181258314643296	15.0816209362018	0.000530967115456277	ok
n1000_f5.0_r009	control	1000	846	424.412022355515	423.679882325001	4.48173687444831	5.41655174159018	2.02967882042325e-08	1.1960830557766	3.6150552069449e-09	0.150579639572327	1.46428006102735	0.48087879286651	ok
n1000_f5.0_r010	driver	1000	980	411.121037197296	387.848271596906	1.15665490398623e-07	4.85630290473821	2.23174490514711e-07	0.703701437565946	5.77223093340527e-07	0.083235721782312	46.5455312007796	7.81207350759639e-11	ok
n1000_f5.0_r010	control	1000	865	345.080810046798	344.746224994232	4.20864944129796	4.78638965486857	3.12730291424314e-05	0.753089407031324	0.0270894511509652	0.122015773263685	0.669170105133503	0.715634975647862	ok
n1000_f5.0_r011	driver	1000	983	462.547963303289	457.314269295809	1.54498375129328	5.07468126673907	0.00641434659871203	0.920146937130662	2.13442823213563e-09	0.0420713018233542	10.4673880149593	0.00533378582149154	ok
n1000_f5.0_r011	control	1000	901	382.702109774326	382.201353541748	4.33255196847297	5.12444232826585	0.484743462379736	1.05676785366501	8.9228261809089e-10	0.126271429861171	1.00151246515679	0.606072154857968	ok
n1000_f5.0_r012	driver	1000	974	382.08475971965	371.296542139898	1.07798913945537	4.73882850873871	1.78405116474064	0.448334734174593	2.89956094108542e-06	0.130774284265683	21.5764351595046	2.06412804957541e-05	ok
n1000_f5.0_r012	control	1000	928	346.024537226095	344.514956481669	5.84919846262836	4.60414599326869	4.06160048036204	0.295226328014794	1.15202949741051e-08	0.207280855500233	3.01916148885175	0.221002615116983	ok
n1000_f5.0_r013	driver	1000	965	463.847095370568	445.322208314434	0.731374033677868	5.17147039198322	0.0138935960542002	0.272259606914018	0.330325069591142	0.157813195747751	37.0497741122681	9.01039382842787e-09	ok
n1000_f5.0_r013	control	1000	468	530.636258530635	528.970897280178	5.54998031271188	4.62173087179642	0.836962214565017	5.52829413640118e-08	1.24337393512699e-08	0.11625118843523	3.33072250091368	0.189122325113739	ok
n1000_f5.0_r014	driver	1000	967	388.413062522207	369.300255260212	0.574621431903938	4.91530747926848	0.884882616163909	0.530650946098167	3.13399659673022e-07	0.155994861965309	38.2256145239893	5.00510591785455e-09	ok
n1000_f5.0_r014	control	1000	695	409.034056097893	404.780997782612	5.20298222628452	4.74046163979197	3.17772020604467e-06	0.899016922642312	3.55617477680002e-07	0.108724742249479	8.50611663056316	0.0142206760252769	ok
n1000_f5.0_r015	driver	1000	967	435.120939679204	412.82239067731	0.617331748783755	4.82374585775041	1.77320414028483e-06	5.08870646882083e-06	3.11995047794289e-07	0.134484708897175	44.5970980037894	2.06948943696602e-10	ok
n1000_f5.0_r015	control	1000	916	444.33171054472	444.267149647703	4.81406739530887	4.70257954260978	6.86256286523408e-07	0.11875433793844	2.84649280382156e-10	0.0842072347488085	0.129121794032585	0.937479022848391	ok
n1000_f5.0_r016	driver	1000	965	400.649859312312	383.198104737216	0.944729188389321	5.16947373691964	7.4338188314281e-10	1.06885450822765	1.79293935073648e-08	0.108206915408826	34.9035091501935	2.63511327281676e-08	ok
n1000_f5.0_r016	control	1000	877	379.310399981223	378.899827661449	5.83817932642908	4.92812371972552	2.23261758765595	0.93859097187708	1.45331502958695e-07	0.136089131434345	0.821144639548947	0.663270538643394	ok
n1000_f5.0_r017	driver	1000	976	427.665187807076	413.753902759296	0.504193132060415	4.64286882209049	5.21947960225483e-08	4.30043095376619e-05	0.0240043811768236	0.0987241116516612	27.8225700955592	9.08668907058386e-07	ok
n1000_f5.0_r017	control	1000	914	360.159340270477	359.999774380509	4.98136951242467	4.5412498740526	1.21490180581503	2.882484786567e-05	1.0553555217555e-05	0.17161512942879	0.319131779936697	0.852513793438927	ok
n1000_f5.0_r018	driver	1000	976	435.530896934472	423.555399740863	0.431581761333579	4.71893231638718	1.58682185064118	1.04802744067137e-06	1.48137423639631e-07	0.140029078028478	23.950994387218	6.29662241076336e-06	ok
n1000_f5.0_r018	control	1000	955	421.109877564645	420.130394598378	4.87845810933786	4.66445138102968	3.0070414427405	1.69936005068665e-05	1.02352225627152e-05	0.145446616947382	1.95896593253417	0.3755051975233	ok
n1000_f5.0_r019	driver	1000	966	483.181088117915	478.177936578958	2.41403920014963	5.30220715153339	0.058451898742513	0.667907557710764	1.03598658429757	0.113025143801954	10.0063030779133	0.00671674552281716	ok
n1000_f5.0_r019	control	1000	778	456.085369491164	454.451790302193	5.48077494456034	5.12749014396029	6.37639695761033e-07	0.756820968199908	3.10875730043358e-09	0.148691438913544	3.26715837794086	0.195229558647356	ok
n1000_f5.0_r020	driver	1000	976	452.486361428642	440.349133681577	0.722510499716203	5.26206575751516	9.89174857221081e-09	1.01933423692193	9.55853666753582e-07	0.0855268439361659	24.2744554941281	5.35635020317837e-06	ok
n1000_f5.0_r020	control	1000	760	447.558739718511	446.816038553946	4.70093444426406	5.30477080609661	2.24190492987007e-07	1.32474649200312	3.97694781757432e-08	0.0878387060250509	1.48540232913047	0.475826891333456	ok
n1000_f5.0_r021	driver	1000	977	514.04906586177	507.264980866335	1.26217303145073	5.19381931650285	2.97814184515698	0.25789452824447	4.40844409607033e-06	0.151666225314912	13.5681699908691	0.00113164268826772	ok
n1000_f5.0_r021	control	1000	962	511.993546808793	511.246173693224	5.23656993188878	5.10067375623584	3.11746528642795	0.180099564010502	1.14409072452437e-07	0.124610828748663	1.4947462311377	0.473609036300083	ok
n1000_f5.0_r022	driver	1000	975	553.196779095937	541.716889893062	0.872455835971783	5.3049340649233	0.174789386330111	6.35135752146889e-07	4.68008308261231e-07	0.116166366387	22.9597784057505	1.03358801862865e-05	ok
n1000_f5.0_r022	control	1000	891	515.413751781394	515.359800416565	5.37037510428624	5.20987179635106	0.57471871122689	2.37428082670115e-07	9.65897082577608e-08	0.168567621011222	0.107902729657553	0.947478186145057	ok
n1000_f5.0_r023	driver	1000	984	497.760605613667	491.17381962383	0.886289307810896	5.04814927083975	8.35319377649023e-08	0.346022921615156	1.55602038088349	0.0866270981197949	13.1735719796734	0.00137846324645941	ok
n1000_f5.0_r023	control	1000	623	511.248622293068	503.389448794986	6.19896397593185	4.40644874122085	0.94798037215089	3.90347476342719e-06	6.50478189388472e-07	0.100443524944744	15.7183469961656	0.000386192928699128	ok
n1000_f5.0_r024	driver	1000	961	459.038114646851	450.557137777953	1.99755564049572	5.04757221763333	9.03596426151301e-09	0.441956336455596	7.19443983607827e-06	0.0993648481817156	16.961953737797	0.00020737602455016	ok
n1000_f5.0_r024	control	1000	909	437.436686875384	437.264592438753	5.14302767569575	4.83066896076758	1.25024024368025	0.215768126090627	1.06629867278178e-08	0.120273283060486	0.344188873262397	0.84189966324623	ok
n1000_f5.0_r025	driver	1000	970	487.972494497486	464.768585066519	0.576914406832302	5.01984114300317	1.72871048675285e-06	8.91960858392875e-07	1.57309185386233e-05	0.127043990331081	46.4078188619344	8.36893462929804e-11	ok
n1000_f5.0_r025	control	1000	933	465.507406092151	464.881579834753	4.79185889323487	4.87727394444173	1.35276511322334	4.53398054564245e-08	9.46038780293553e-08	0.130619930963674	1.25165251479666	0.534819347465157	ok
n1000_f5.0_r026	driver	1000	975	459.577698440889	444.694950762031	0.531000657586439	4.81264941725857	3.96544094895428e-08	8.44853998486083e-08	5.30928840388308e-09	0.107101761883447	29.7654953577155	3.43957518869298e-07	ok
n1000_f5.0_r026	control	1000	907	423.218724687596	422.685812608361	5.79287030846196	4.68592301637369	1.5526347384434	4.43645358298879e-05	5.62455746732499e-05	0.146655288499407	1.06582415847004	0.586893398693228	ok
n1000_f5.0_r027	driver	1000	977	490.070214183985	481.669488625664	1.32352998961557	5.45690869840891	2.37810369447128e-09	1.14867348972356	4.78432762680561e-08	0.0698002571762487	16.8014511166422	0.000224704228995339	ok
n1000_f5.0_r027	control	1000	826	470.922567640984	470.865840920459	5.1645400440493	5.38820074014422	0.703209890381742	1.19353767544177	1.02355877831823e-08	0.102544287395039	0.113453441049728	0.944852242813162	ok
n1000_f5.0_r028	driver	1000	959	413.503318655978	390.107024076954	0.830519729026712	5.13284163296429	5.08445993513574e-06	0.627718485903841	0.238176333825387	0.150006391857608	46.7925891580477	6.90427954951374e-11	ok
n1000_f5.0_r028	control	1000	895	416.528566324046	416.460741758035	4.83029915167063	4.96175852397	0.18348207688879	0.735672290483733	4.14415925202411e-07	0.0994908146621064	0.135649132021854	0.934424388996674	ok
n1000_f5.0_r029	driver	1000	976	441.519339229614	423.367140133098	7.51038878745422e-09	4.74440805698687	0.477560832561429	3.88917980421467e-10	1.22714886040931e-08	0.125432312089651	36.3043981930318	1.3079769720798e-08	ok
n1000_f5.0_r029	control	1000	911	400.620396245009	400.315711916193	4.81873336965403	4.66437511038932	1.11722444774614	1.15655614800955e-05	1.14114748353529e-05	0.156818495609767	0.609368657631649	0.737356099730515	ok
n1000_f5.0_r030	driver	1000	967	476.180379656001	462.733996405912	1.53355338647981	4.8950358848688	5.37097839084347e-05	9.73329732265186e-07	2.52169112656679e-08	0.0909864715241172	26.8927665001771	1.44647173919794e-06	ok
n1000_f5.0_r030	control	1000	968	468.011563524469	465.787524059697	7.37833521792542	4.7763800189219	7.25432395076928	6.73115981733909e-08	1.34144575796612e-06	0.149572812399492	4.44807892954395	0.108171271066404	ok
n1000_f5.0_r031	driver	1000	961	403.165283912098	383.327458054195	0.876304739048713	5.08063121929719	2.82858404569935e-06	0.733747262143054	8.53725016231391e-07	0.132273792268937	39.6756517158051	2.42405068839837e-09	ok
n1000_f5.0_r031	control	1000	725	409.616801847325	408.691226270547	4.55448780917894	5.14132876208265	1.78344896370725e-05	1.1964370070595	6.15269593741318e-08	0.112771719548567	1.85115115355563	0.396303250469073	ok
n1000_f5.0_r032	driver	1000	966	435.232864201742	421.000289976517	1.086308684872	5.14146042887514	8.05040268028173e-08	0.726229038318229	3.39707929893099e-08	0.113225928219289	28.4651484504501	6.58978963223002e-07	ok
n1000_f5.0_r032	control	1000	782	452.009272510924	449.923748887108	5.2204116065694	4.95468614397277	1.53227535904421e-07	0.874721945060341	1.33543429928231e-07	0.0775507502632342	4.17104724763306	0.124242047035504	ok
n1000_f5.0_r033	driver	1000	975	463.060776500662	445.199276699504	0.49763079406842	5.324868042514	5.74248613015112e-06	0.968542447870378	0.28633330283105	0.103081459261123	35.7229996023149	1.74923918643417e-08	ok
n1000_f5.0_r033	control	1000	826	461.44310301709	461.395569861584	5.02608222912346	5.23769160168778	0.858023391891146	1.03659035370855	1.45700003068092e-09	0.09469058973307	0.095066311011692	0.95357885621915	ok
n1000_f5.0_r034	driver	1000	977	481.067078068735	473.472491689213	0.760911681793876	4.95283782456495	3.07179345439106e-05	2.836944101937e-08	2.49782369208511	0.154679712439533	15.1891727590438	0.000503168034257205	ok
n1000_f5.0_r034	control	1000	822	482.751733515247	481.117634151742	5.96372348148168	4.753102669403	0.895674661604767	1.47666567526328e-05	1.65661618618791e-06	0.123972980466862	3.2681987270081	0.195128031610917	ok
n1000_f5.0_r035	driver	1000	977	495.242604023294	485.959939915745	1.0127528157629	5.66304548042047	2.25482297907346	1.30517057958113	6.15315522069143e-07	0.130149070644795	18.5653282150978	9.30229698615476e-05	ok
n1000_f5.0_r035	control	1000	0	NA	NA	NA	NA	NA	NA	NA	NA	NA	NA	skipped_invariant
n1000_f5.0_r036	driver	1000	972	402.2569641154	390.305089414855	0.941518638611392	5.09235183202822	0.744904741208634	1.02491776251832	8.2383276409313e-09	0.109020100611046	23.9037494010894	6.44713507309927e-06	ok
n1000_f5.0_r036	control	1000	733	356.099872101216	355.822331406544	5.30491052661998	4.82140312536489	1.30684259859583	0.79747276560972	4.08202381976726e-09	0.192738529118151	0.555081389344082	0.757644731871728	ok
n1000_f5.0_r037	driver	1000	966	458.230109420051	448.984954062124	1.69120131344077	5.23436878573784	1.18309412550368	0.658071249303706	1.5925160016411e-07	0.139489324834473	18.4903107158552	9.65784083352399e-05	ok
n1000_f5.0_r037	control	1000	791	469.45877794015	467.41415746071	5.71505414057726	4.904354942084	0.374330646963199	0.516503622847228	1.1447403418218e-07	0.11322532607982	4.08924095887983	0.129429301738407	ok
n1000_f5.0_r038	driver	1000	966	481.632041099097	467.990040810518	1.27717466911842	5.45798885912568	2.16836504389314e-07	0.790935517450228	0.304467148821847	0.123515296030898	27.2840005771591	1.18947290186175e-06	ok
n1000_f5.0_r038	control	1000	797	534.704197760793	534.427686097104	5.52746095740471	5.29626073096493	1.4736508450555	0.692194465253966	8.48460868930848e-08	0.0665632435114379	0.553023327377105	0.758424773049738	ok
n1000_f5.0_r039	driver	1000	969	431.522422409461	418.431808042038	0.98980066275474	4.96695220817767	0.575263040903386	0.391154863210165	7.97812530840025e-08	0.129242433604546	26.1812287348471	2.06451677247227e-06	ok
n1000_f5.0_r039	control	1000	335	485.805164439365	484.368480704763	4.74616134115464	5.19175451437045	6.58269037721888e-08	1.36934460297098	1.78604650050511e-10	0.136209307980684	2.87336746920391	0.237714778271713	ok
n1000_f5.0_r040	driver	1000	973	419.476123534994	405.130489764287	1.48135489071968	4.84021701336996	1.24185972992279e-07	0.187521093322578	1.31033036227851	0.108937122431155	28.6912675414135	5.88532450513546e-07	ok
n1000_f5.0_r040	control	1000	704	409.529892205129	408.409890091327	5.48521619361901	4.624063175306	1.14818760108717	0.377530367434583	5.1064486872788e-10	0.1477189326986	2.24000422760332	0.326279104932997	ok
n1000_f5.0_r041	driver	1000	981	474.351075670522	457.301727421101	0.193052946110542	5.13461855137706	2.13761330321171e-05	0.628425619717496	1.99211556444495e-06	0.0815748441401275	34.0986964988422	3.94059802399273e-08	ok
n1000_f5.0_r041	control	1000	917	408.566877064549	408.007419071157	5.47533930255615	5.10580526986586	2.57759976858235	0.711234021652401	3.12968676673796e-09	0.178804606106771	1.11891598678403	0.571518746853497	ok
n1000_f5.0_r042	driver	1000	971	459.243993740199	452.504170010509	1.57794822462284	4.81219431375008	0.157835763406108	2.87440902891271e-07	0.0704264562928405	0.105782012056218	13.4796474593804	0.00118285564057046	ok
n1000_f5.0_r042	control	1000	962	447.609852772549	443.961318483115	2.88028354505449	4.8048792781457	1.27170434114586	1.72169794866646e-05	1.46984812698147e-05	0.130127709983666	7.29706857886731	0.0260292521829507	ok
n1000_f5.0_r043	driver	1000	967	425.845466822211	421.126532642343	2.06245308313775	4.74328343482237	3.61930391126046e-08	4.19567387266878e-07	1.45717948861476	0.139438248003713	9.4378683597356	0.00892468559071717	ok
n1000_f5.0_r043	control	1000	918	441.004099638957	440.987135978265	4.55476677202329	4.66658333433137	1.16853753601413e-05	3.20287845283983e-05	4.14846248315845e-09	0.0908044179617212	0.0339273213829756	0.983179412045728	ok
n1000_f5.0_r044	driver	1000	987	523.837944759996	519.501366870857	0.943494934231646	5.57010001645176	1.72182384828171e-05	1.22414057766559	3.3194993885069	0.0901243191343	8.67315577827821	0.0130812170697063	ok
n1000_f5.0_r044	control	1000	809	477.167614051191	475.269437067415	5.02070489005949	5.77732418097047	1.41149571320912e-07	1.75979398238387	0.0391588521270893	0.103922596965263	3.79635396755214	0.149841533930456	ok
n1000_f5.0_r045	driver	1000	963	440.019256751729	423.489176899507	1.02319101255057	4.90277086990547	1.34485592060271e-08	1.57896125893162e-07	0.225957068494393	0.149311111942012	33.0601597044433	6.62334740021601e-08	ok
n1000_f5.0_r045	control	1000	834	458.823794155303	458.266095948728	4.39247458262567	4.89550617488557	2.50484750904804e-09	0.170653388748224	3.16586068142968e-07	0.111374833256829	1.11539641315107	0.572525383482732	ok
n1000_f5.0_r046	driver	1000	971	428.638424326269	415.351434796025	0.804764578698594	4.76012971466339	1.20418118091744e-06	0.0989192285552967	5.84259843143133e-07	0.11324758164052	26.5739790604874	1.69642149200122e-06	ok
n1000_f5.0_r046	control	1000	805	409.334472196875	409.27485142085	4.81695396604236	4.58505950828687	0.263611340450999	1.43935876526427e-07	3.79343216780212e-07	0.143937533512868	0.119241552050539	0.942121741000462	ok
n1000_f5.0_r047	driver	1000	967	399.749536465414	380.755056972312	0.578272749322166	4.67398316063925	4.52449530772674e-05	1.27992560866601e-07	5.02826787332444e-05	0.134243286196835	37.9889589862037	5.633812246644e-09	ok
n1000_f5.0_r047	control	1000	790	376.381162435745	376.364615698876	4.47466319688826	4.54286430415132	3.96521245291056e-07	1.97743904622436e-06	1.43051811534987e-06	0.162397604444515	0.0330934737374946	0.983589408427328	ok
n1000_f5.0_r048	driver	1000	973	443.371567702875	427.084253982359	0.839963561017893	5.12248202201964	1.04877018885764e-06	0.706832161368922	0.291574633448088	0.0998419002292785	32.5746274410327	8.44324761781288e-08	ok
n1000_f5.0_r048	control	1000	913	392.894294100348	392.73244691173	5.6389926161243	5.01829083183325	1.54734522181363	0.825226258791953	7.09641484363325e-09	0.149248100247182	0.323694377234801	0.850571171566486	ok
n1000_f5.0_r049	driver	1000	966	474.125024105039	458.84590534692	1.18133315935512	5.12069690873351	4.30486373092923e-07	0.311171672907952	1.25394767260772e-08	0.117626032322584	30.5582375162392	2.31399829705225e-07	ok
n1000_f5.0_r049	control	1000	903	469.951421408645	468.803617639866	4.14363354044899	5.09447109397445	0.000146623781578877	0.427981853831359	6.48449125321777e-08	0.10701074510548	2.29560753755834	0.317332941134871	ok
n1000_f5.0_r050	driver	1000	977	488.18178906994	481.545692522942	2.28056984021755	5.20883421537162	3.58836867294737	0.527625713876369	6.50820526514488e-10	0.140214545895979	13.2721930939962	0.00131213913377518	ok
n1000_f5.0_r050	control	1000	917	489.101051446651	487.370023204836	4.91507692301702	5.19131150341706	1.87420720084022	0.493302750817413	7.1097898129789e-08	0.105877001540055	3.46205648362979	0.177102212414043	ok
n1000_f5.0_r051	driver	1000	969	438.821655154915	428.823547172874	1.4483199091278	5.19946089160277	1.76924214986355	0.782265250925012	9.73673551717126e-09	0.146661831422706	19.9962159640817	4.54859085560026e-05	ok
n1000_f5.0_r051	control	1000	918	449.633403931641	448.60709632233	5.70443208937361	4.99658850504923	2.38539208449497e-05	0.702148624920646	1.52005927614935e-09	0.087490767460666	2.05261521862076	0.358327606416252	ok
n1000_f5.0_r052	driver	1000	962	452.076230365504	438.243446545223	1.20943798070663	5.30896260584976	0.854631835183968	0.672923823032393	6.81348390185674e-07	0.164143146928386	27.6655676405636	9.82875065216635e-07	ok
n1000_f5.0_r052	control	1000	937	474.607505966421	474.500001609133	5.36597025668397	5.08107668833143	0.262318314596193	0.533898572882413	1.11846145590494e-07	0.0936054863438564	0.215008714576129	0.898072609281216	ok
n1000_f5.0_r053	driver	1000	967	446.582870004007	428.032736752854	1.41947455281856	4.87825794495771	0.387717892198301	0.0656105410253593	0.555177804004408	0.115119396618147	37.1002665023063	8.78576313473852e-09	ok
n1000_f5.0_r053	control	1000	918	403.500061875179	399.284301812164	4.11433291073496	4.9972244838721	1.97756255400373	0.492549872672859	3.13310805655869e-10	0.169180565612152	8.43152012602889	0.0147610981375481	ok
n1000_f5.0_r054	driver	1000	969	474.314632179357	457.709096814332	0.824303313808392	5.19057202846013	9.43391567204998e-10	0.40667660548482	7.46274279012344e-08	0.121391856905705	33.2110707300493	6.1419690254137e-08	ok
n1000_f5.0_r054	control	1000	911	493.048292208777	492.167172828882	4.2203454513722	5.17481589575174	7.27773474003286e-08	0.542217309514814	6.05105413484957e-10	0.0805621555518026	1.76223875978962	0.414318871796446	ok
n1000_f5.0_r055	driver	1000	973	486.666292350551	475.80912070505	1.1776589772805	5.34719832046906	0.593374441258787	0.778953851938789	3.8935156418242e-07	0.107495971443206	21.7143432910027	1.92659427439893e-05	ok
n1000_f5.0_r055	control	1000	631	483.757081586888	481.135721821298	5.28922764645823	5.24820480063445	3.99644313260185e-07	1.19780794528783	1.66226590714834e-07	0.125147506553129	5.2427195311808	0.0727039352740647	ok
n1000_f5.0_r056	driver	1000	965	439.83543567845	424.551322589475	1.04920547362076	5.02461359681505	1.74138608120462e-06	0.327915895602813	0.121907353659086	0.130993299662395	30.5682261779508	2.30247023539634e-07	ok
n1000_f5.0_r056	control	1000	947	443.285225888944	442.465830080326	6.20770274786591	4.80265741385923	3.81910897724014	0.136361155196957	2.64210860773995e-07	0.153940314197409	1.63879161723617	0.440697839921345	ok
n1000_f5.0_r057	driver	1000	966	435.83417807349	423.982591185608	1.72798033148399	4.95010819179477	3.26376043159206e-09	0.298208753153741	0.930953893188571	0.111283700484243	23.7031737757645	7.12723720164155e-06	ok
n1000_f5.0_r057	control	1000	902	421.520828011933	420.999810099275	4.19726199781497	4.89119890713228	0.0576260878797023	0.407854568178327	0.0851423945304063	0.105036078747622	1.04203582531716	0.593915685879247	ok
n1000_f5.0_r058	driver	1000	977	523.119272156571	513.925914073237	0.647787526908553	5.49333030059524	1.78729377782055	0.639301951186751	1.76317033344554e-05	0.138554042718004	18.3867161666683	0.000101712730745987	ok
n1000_f5.0_r058	control	1000	941	507.818666884584	507.516376427639	5.13110494113577	5.46173113193533	1.52609434941	0.722383612794739	8.07315174595893e-08	0.132922225210464	0.604580913888412	0.739123350198665	ok
n1000_f5.0_r059	driver	1000	976	497.432780166653	487.326626724148	1.01761518541269	5.00115651356181	0.918245515516165	0.0237535638410117	1.23891503676676e-06	0.117330944264817	20.2123068850088	4.0827550687009e-05	ok
n1000_f5.0_r059	control	1000	905	458.861896366474	457.974407413466	4.25708407349922	4.98409970382928	0.136519484792417	0.0521875280867146	5.15859994586793e-09	0.140882544549701	1.77497790601751	0.411688224394628	ok
n1000_f5.0_r060	driver	1000	965	420.579435468277	412.325437487728	1.7436060380418	4.76714914864117	1.92126903273632	4.9761684671812e-09	1.90361662188832e-07	0.173046087726804	16.507995961098	0.00026021613585015	ok
n1000_f5.0_r060	control	1000	55	528.968278332786	527.60892114409	4.72202488825709	4.36222467309377	4.29355524133479e-06	1.1145138491227	2.36629745692949e-09	0.122439004536973	2.7187143773931	0.256825814440432	ok
n1000_f5.0_r061	driver	1000	974	478.210528912313	466.32234168261	1.03464836353486	5.2229776210514	1.22495173187184	0.557388940599336	7.04595022706773e-08	0.126924698313284	23.7763744594058	6.87109394241379e-06	ok
n1000_f5.0_r061	control	1000	890	471.781191830184	471.301012215856	4.6246077423878	5.29416674896461	1.80554199784974e-07	0.86355469770492	1.49562863889941e-06	0.102737923645579	0.960359228656557	0.618672259423655	ok
n1000_f5.0_r062	driver	1000	972	461.428183833377	452.049972787316	1.39007902426886	4.91928804928786	1.04120454500028	0.128123374648936	0.0851587390053947	0.12694024677796	18.7564220921215	8.45463167912847e-05	ok
n1000_f5.0_r062	control	1000	876	455.745805364797	455.66379467704	5.13585196088023	4.7942061882821	0.760822413933408	0.0737012755892321	1.1244662757212e-08	0.119849696002715	0.164021375514267	0.921262112418018	ok
n1000_f5.0_r063	driver	1000	974	438.820837833056	426.98860894814	0.594931293796794	4.74973915207037	0.297195615161158	6.40070161161293e-07	4.94263145726516e-08	0.116757959654205	23.6644577698311	7.26655034222951e-06	ok
n1000_f5.0_r063	control	1000	942	432.365609349688	431.731412027545	5.85967356480198	4.66714108051713	2.80482905605706	5.08691024210993e-06	9.89521772756013e-08	0.133169848506947	1.26839464428565	0.530361026561988	ok
n1000_f5.0_r064	driver	1000	977	457.248291307423	448.109461393754	0.67957905481497	5.17691021356072	0.875519755815135	0.716693417302605	0.736666580020793	0.124308526705931	18.2776598273366	0.000107412938421837	ok
n1000_f5.0_r064	control	1000	868	389.905582116688	389.544597583511	5.69377956606365	4.95872828721752	1.23582150179102	0.547751094397398	1.65437450090549e-08	0.194794965609554	0.721969066354859	0.696989778600744	ok
n1000_f5.0_r065	driver	1000	957	435.16718727523	414.856197072409	1.13264028069184	5.30312313213944	9.6669853158156e-07	0.765889821181712	1.79091546553608e-07	0.141087221830133	40.6219804056432	1.51025065558171e-09	ok
n1000_f5.0_r065	control	1000	929	456.785663741391	456.434205648797	5.93533324864158	5.07702331277098	2.66144527094388	0.680834301554615	0.0673746146315204	0.120481956025971	0.702916185187746	0.703661337965577	ok
n1000_f5.0_r066	driver	1000	963	441.161742772553	429.353143456655	1.36824302578272	5.06116053368876	0.225647212640661	0.400375703286021	8.71666528643016e-08	0.132945371762908	23.6171986317952	7.44030053163897e-06	ok
n1000_f5.0_r066	control	1000	923	430.679643809703	430.617893812714	4.58461466443519	4.93751477028182	1.05570799906538e-06	0.389175176569763	0.0857608810028276	0.114202373375135	0.123499993979181	0.940117889716715	ok
n1000_f5.0_r067	driver	1000	971	463.891933668834	455.612221181564	1.72906980347939	5.17821071095166	2.27713673957586	0.551060098742208	3.33344291285407e-09	0.150445124854936	16.5594249745409	0.000253610105687305	ok
n1000_f5.0_r067	control	1000	948	455.40545491192	453.862893702903	5.23058789589	5.09522214144008	3.31941788380536	0.477661071087299	7.63180139292711e-08	0.149426349915923	3.08512241803362	0.213832729164728	ok
n1000_f5.0_r068	driver	1000	962	452.371174927554	440.462092260645	1.39316542884913	4.98895775271312	1.71973629107686	8.85164147762694e-07	1.40340405877717e-07	0.201722082327752	23.8181653338171	6.72900906295671e-06	ok
n1000_f5.0_r068	control	1000	838	462.090511881868	462.064088388696	4.83813994559647	4.92692388951626	1.21849604683645e-06	0.130165233118295	4.12686705275088e-10	0.143725394321776	0.0528469863432974	0.973922552710847	ok
n1000_f5.0_r069	driver	1000	979	459.316606275852	439.255823221362	0.165033354471022	4.75463818685787	8.65340080433123e-07	0.00977492150209704	3.97684455113216e-09	0.095366940724972	40.1215661089802	1.93960197103655e-09	ok
n1000_f5.0_r069	control	1000	903	434.822477488871	434.627296661282	4.91533513525723	4.68516454642734	9.41235737847029e-10	0.16346559727305	8.7849743558641e-08	0.0938001912292001	0.39036165517814	0.822685880300566	ok
n1000_f5.0_r070	driver	1000	0	NA	NA	NA	NA	NA	NA	NA	NA	NA	NA	skipped_invariant
n1000_f5.0_r070	control	1000	224	-1250.86416495915	-1251.11295427638	1.2352509519331	1.12684110604382	0.636781882284924	0.517317485725279	8.18683311681292e-12	0.15584385623852	0.497578634463935	0.779744234754308	ok
n1000_f5.0_r071	driver	1000	972	454.517222394615	438.831961882381	0.558399223881463	4.94046643191335	5.48379897912012e-06	0.20340621264522	0.398895797231516	0.128685212256095	31.3705210244698	1.54162204597093e-07	ok
n1000_f5.0_r071	control	1000	793	466.623078542363	466.321043764725	4.759319215457	4.92873271926787	0.000106266690501098	0.443095757158285	3.30620604229183e-07	0.0910062540971332	0.604069555276169	0.739312352904993	ok
n1000_f5.0_r072	driver	1000	966	483.528809440258	465.864743288683	0.517900030067141	5.39768291266394	2.92922935915241e-08	0.507612755832548	1.30901563218812	0.19653072513092	35.3281323031507	2.13104952343963e-08	ok
n1000_f5.0_r072	control	1000	929	479.228787718271	475.658242992981	3.75912953634699	5.3566718058245	0.977263710268811	0.539516370810902	5.14070635447181e-08	0.159378822470776	7.14108945057978	0.0281405206512654	ok
n1000_f5.0_r073	driver	1000	971	450.412230252299	433.155040777088	0.349476906952955	5.13010567701261	4.5564015703476e-08	0.520297474465439	0.242301082797644	0.131113081827299	34.5143789504205	3.20108965407738e-08	ok
n1000_f5.0_r073	control	1000	950	457.490550253215	456.871724597617	5.50996806865877	4.99178045158833	2.74974759435969	0.457865358323825	1.08149498543165e-09	0.107034766611585	1.23765131119512	0.538576540714524	ok
n1000_f5.0_r074	driver	1000	0	NA	NA	NA	NA	NA	NA	NA	NA	NA	NA	skipped_invariant
n1000_f5.0_r074	control	1000	494	-1394.76607101497	-1394.98333894153	1.18924719911704	1.11535157605204	0.625062643510424	0.48739358991562	3.73666214373691e-09	0.126548215066427	0.434535853111811	0.804714336078804	ok
n1000_f5.0_r075	driver	1000	975	463.818706662733	458.341466439009	1.75228877191939	5.01643796738422	2.49911972647348	0.386369555065082	3.64666497298621e-07	0.133417230129796	10.9544804474489	0.00418085200727424	ok
n1000_f5.0_r075	control	1000	942	447.99163647653	447.72934320584	4.30496745949229	4.98907666298452	8.01844194236187e-06	0.45424868905213	2.11256600013808e-07	0.0996213506365498	0.52458654137979	0.769285381767472	ok
n1000_f5.0_r076	driver	1000	972	441.123050512068	428.856622425	0.814587111560031	5.19855965012892	1.76846652366173	0.782346745373446	7.10430374359116e-08	0.15077021130688	24.5328561741366	4.7071492541675e-06	ok
n1000_f5.0_r076	control	1000	0	NA	NA	NA	NA	NA	NA	NA	NA	NA	NA	skipped_invariant
n1000_f5.0_r077	driver	1000	966	445.511401369886	436.0292793091	1.57560209539102	4.8686975683516	1.59938389939442	1.7530867196498e-07	5.7863324674612e-06	0.166714594075797	18.9642441215717	7.62020600556655e-05	ok
n1000_f5.0_r077	control	1000	923	421.126548319874	419.657746439927	3.75874770464747	4.93024551881998	1.26121876106668e-06	0.215929647732332	1.70179340076478e-07	0.149836420095552	2.93760375989484	0.230201128615111	ok
n1000_f5.0_r078	driver	1000	968	453.844228467929	433.127191924459	0.688097841506627	5.37942526910342	4.511619412754e-07	1.03189020855424	4.0466431646768e-07	0.114430579784685	41.4340730869402	1.00624873587475e-09	ok
n1000_f5.0_r078	control	1000	690	451.537942424596	447.464434129326	6.39560441113726	4.62626279558355	1.96356090148396	0.350536097203399	6.77011059838088e-09	0.140821928836424	8.14701659053958	0.017017580958777	ok
n1000_f5.0_r079	driver	1000	957	441.371770498757	426.092320978464	1.09061422067865	5.0319814323768	1.85689509925572	1.84869092637786e-07	4.13215255936906e-07	0.246989635489126	30.5588990405848	2.31323304051352e-07	ok
n1000_f5.0_r079	control	1000	833	485.946951961016	485.296642451333	4.46886106610949	4.95516028542575	2.45560819656061e-07	0.000117335245257414	5.36885537080718e-06	0.128709097282692	1.30061901936631	0.521884223540491	ok
n1000_f5.0_r080	driver	1000	973	437.903143824372	419.844837240175	0.805229407943501	5.0130834842631	1.25368910800391e-06	0.676352795934138	4.30697902138145e-06	0.0877924438688523	36.1166131683926	1.43673641034936e-08	ok
n1000_f5.0_r080	control	1000	850	380.48219566426	380.417684448939	5.09498508063603	4.79180274525907	0.954167546682137	0.56305599662094	3.02952360372511e-07	0.134718309702359	0.129022430641385	0.937525599552831	ok
n1000_f5.0_r081	driver	1000	972	475.450372169712	463.867195907217	0.996008289336862	4.89483120417942	2.68228852775514e-07	2.83293597505959e-08	1.68130110416945e-06	0.108947564972017	23.1663525249909	9.32160007164445e-06	ok
n1000_f5.0_r081	control	1000	638	472.880587600799	472.582785398439	4.62657552616609	4.87079362102754	1.75884302904741e-08	5.98855744058426e-06	1.28851963879129e-07	0.133875590397399	0.59560440472103	0.742448179722385	ok
n1000_f5.0_r082	driver	1000	973	483.908261234102	470.04420929709	0.547585535576815	4.97654125409524	1.96639100668283e-06	1.56817936033404e-06	2.35792379048836e-08	0.121159369020932	27.7281038740244	9.52617920067686e-07	ok
n1000_f5.0_r082	control	1000	958	494.461419811741	491.219916068676	9.20815579950709	4.89942380756486	8.15201250831286	5.04728732932679e-06	6.74778500951059e-08	0.158849290956323	6.48300748612905	0.0391050469207112	ok
n1000_f5.0_r083	driver	1000	969	459.743783401862	449.281286229187	1.20418425343387	4.86913903997744	0.203520963503765	3.39321180710957e-06	2.27704508183518e-08	0.122109936808702	20.92499434535	2.8588752901525e-05	ok
n1000_f5.0_r083	control	1000	839	462.194830375932	462.145138545099	4.6478239406064	4.78214096683071	7.34003782998186e-08	9.20148850751213e-09	1.93342996662075e-07	0.100978563045001	0.0993836616654562	0.951522609253277	ok
n1000_f5.0_r084	driver	1000	973	440.385015185521	423.450235115291	0.528860121664898	4.79149069944437	3.324291341728e-07	0.0621218782604469	5.08138408043396e-06	0.111894930718584	33.8695601404585	4.41894364739114e-08	ok
n1000_f5.0_r084	control	1000	925	455.360390590782	455.054421616102	5.51817706289128	4.63564444279263	1.0344435545154	0.0487622157030952	1.73508102973722e-09	0.0817198588551862	0.611937949360254	0.736409466440935	ok
n1000_f5.0_r085	driver	1000	975	509.231884116665	494.271958103906	0.644204991668769	5.2821699716049	3.46366328183948e-06	0.459065599517125	1.58517308268021e-06	0.103233191501318	29.9198520255176	3.18409988433888e-07	ok
n1000_f5.0_r085	control	1000	848	471.584310345918	471.435076776744	5.36036128674816	5.11145669868829	0.387976554459615	0.436235553116891	3.02700292949944e-07	0.129614286520875	0.298467138348769	0.861367902411548	ok
n1000_f5.0_r086	driver	1000	971	496.705997469426	489.572663505219	1.91162839443239	5.32209538302075	2.88491791624728	0.541085300170991	1.2583631583417e-06	0.164592236411578	14.2666679284138	0.000798054262898268	ok
n1000_f5.0_r086	control	1000	900	512.051402687155	511.477871921124	4.5723765469642	5.33283389222062	5.98087590196852e-07	0.674765839301303	9.03968283875367e-07	0.0826408737208358	1.14706153206021	0.563532221553783	ok
n1000_f5.0_r087	driver	1000	985	518.509018361595	513.1517105127	0.720013158531826	5.31224138836628	3.5230812830766	0.718759435074441	2.61347757866487e-05	0.11110280239518	10.7146156977892	0.00471357870778056	ok
n1000_f5.0_r087	control	1000	784	475.713103664257	475.480134044075	4.97676066196089	5.31705035376496	0.0061535598148299	0.891164772355281	4.91820656993579e-09	0.122424855562947	0.465939240364378	0.792177639371112	ok
n1000_f5.0_r088	driver	1000	966	429.733850154014	416.374627939751	0.832568676411483	4.81517440940035	1.16625613404671e-06	8.00974600353631e-08	0.417916259768112	0.151575154927981	26.718444428526	1.57820534473559e-06	ok
n1000_f5.0_r088	control	1000	608	439.162729328632	438.947039337658	4.82204327641846	4.61666983159887	4.33213953589988e-05	9.58419713955857e-08	1.12501495949937e-05	0.163492009166028	0.43137998194652	0.805985125812061	ok
n1000_f5.0_r089	driver	1000	970	501.913317353187	491.765136905422	1.71595564076143	5.38943971223517	6.86912582281699e-05	0.530975949940661	1.47031547288757	0.12910952661034	20.2963608955305	3.91472473726638e-05	ok
n1000_f5.0_r089	control	1000	850	513.029453682583	512.207262249769	5.90575751597881	5.26785095401019	0.701170385547044	0.757397366407005	2.18449798209404e-07	0.0957715497303869	1.64438286562745	0.439467534913606	ok
n1000_f5.0_r090	driver	1000	950	410.565048750783	388.323992074255	0.999295267260776	4.92544716439059	0.347392609953663	9.97660503268719e-06	7.21078712757567e-08	0.21221913489254	44.4821133530556	2.19195590688798e-10	ok
n1000_f5.0_r090	control	1000	575	458.267708553491	458.004645575483	4.79522038130244	4.87568579990406	3.7915977306143e-08	0.410527611552499	2.2199441324951e-08	0.145563404368777	0.526125956015107	0.768693485002616	ok
n1000_f5.0_r091	driver	1000	979	444.098661761517	425.774056328725	0.173778676193216	5.1605758047885	6.13737671677692e-06	0.92016860509304	0.00710167867831129	0.0854146878285296	36.6492108655838	1.1008419665582e-08	ok
n1000_f5.0_r091	control	1000	903	402.314934709763	402.214261779073	4.70825998043912	5.11642822346118	0.638338836788684	1.02482167621448	8.99337871631233e-08	0.11129757795028	0.201345861378286	0.90422872999408	ok
n1000_f5.0_r092	driver	1000	959	446.183696882814	436.999423203233	2.26703420003696	5.27891360220858	2.20967643032031	0.690952471748923	8.4990013297634e-07	0.18625676646094	18.3685473591628	0.000102640939989173	ok
n1000_f5.0_r092	control	1000	348	533.38644635951	531.485388970097	4.74590835374368	6.00782249760034	1.05143154572123e-06	2.10134754079124	9.07827350547675e-08	0.0888757794892585	3.80211477882563	0.149410550532987	ok
n1000_f5.0_r093	driver	1000	967	426.358713016943	414.116142625152	0.940646742095592	4.98286994211992	1.03568234895461	0.382871231107194	9.45394609764118e-06	0.155212500407532	24.4851407835813	4.82080133429988e-06	ok
n1000_f5.0_r093	control	1000	937	419.686094753101	419.59612557837	5.37610432528198	4.82933024671836	1.37104855582515	0.33359276560275	1.32467451803231e-07	0.124797045550015	0.179938349462759	0.913959357879727	ok
n1000_f5.0_r094	driver	1000	967	449.704813304734	445.581722946412	2.45613905644122	5.21531979698471	0.350485526389375	0.827366544482438	0.624328284062081	0.105046254957031	8.24618071664383	0.0161943905618253	ok
n1000_f5.0_r094	control	1000	777	474.484321578038	471.495402344872	4.23469512722593	5.56538086745782	4.44543716258235e-07	1.34270005100606	6.55586414657445e-09	0.0859480644438274	5.97783846633206	0.0503418150972464	ok
n1000_f5.0_r095	driver	1000	980	516.898935966433	506.715682043074	0.336404793390186	5.37129111269902	1.52963388618766	0.664074271402175	1.06157136932494e-05	0.117332977231825	20.3665078467176	3.77980167608706e-05	ok
n1000_f5.0_r095	control	1000	905	486.570120931605	486.487091701574	5.49415273698352	5.20322675021879	0.604902395103142	0.549267025557748	0.0580618471735316	0.115586031496006	0.166058460062459	0.920324245720517	ok
n1000_f5.0_r096	driver	1000	964	431.771668146114	412.616825132767	0.802806679129897	5.40238707551256	1.24476512077659e-08	1.09683592943042	6.69573173241127e-08	0.127349613055359	38.3096860266934	4.79907323677143e-09	ok
n1000_f5.0_r096	control	1000	806	431.384704786758	430.993508535648	5.75791365812634	5.02855456777757	1.64157197482488	0.768428078989229	0.00887996520498383	0.138212287872433	0.782392502220432	0.676247428707108	ok
n1000_f5.0_r097	driver	1000	971	509.621122692934	499.81695525342	1.82107403317348	5.22072122929443	1.06419759444636e-08	0.356284635111116	0.428271618689105	0.0889619885686058	19.6083348790276	5.5220989106654e-05	ok
n1000_f5.0_r097	control	1000	863	444.772822758346	444.458203004228	5.62158949318357	4.97590353663803	1.48692151586555	0.100983920637236	6.12404250204065e-08	0.211250776040935	0.629239508234605	0.730066426249391	ok
n1000_f5.0_r098	driver	1000	974	422.31661443719	410.0426337829	0.94715217850755	4.62805085241742	5.87337591697618e-07	9.97034470091805e-07	1.51132681602573e-06	0.0938284213851148	24.5479613085804	4.67173210654898e-06	ok
n1000_f5.0_r098	control	1000	899	404.020458883354	403.943253094721	4.71659281793904	4.53430407108462	6.59877497884721e-09	0.0517781179362331	2.14709063121129e-12	0.103610977025139	0.154411577265705	0.925699335603242	ok
n1000_f5.0_r099	driver	1000	971	433.161898477662	421.492862345008	1.04821706636883	4.84488923611856	0.856236842010531	0.159165494252315	7.12996907162244e-09	0.130713392038224	23.3380722653086	8.55464512855803e-06	ok
n1000_f5.0_r099	control	1000	897	414.272523587118	412.862841401284	3.92587224089674	4.90640344848335	1.31145926859549e-06	0.341041765221343	7.7367821162929e-07	0.125084242275108	2.8193643716678	0.244220887678637	ok
